,timestamp,fecha,id,precio,cant,coste
0,1576223937421,2019-12-13 07:58:57.421,9877766,0.00025389,2079.0,0.52783731
1,1576223937510,2019-12-13 07:58:57.510,9877767,0.00025389,2079.0,0.52783731
2,1576223937672,2019-12-13 07:58:57.672,9877768,0.00025389,2079.0,0.52783731
3,1576223937837,2019-12-13 07:58:57.837,9877769,0.00025389,2079.0,0.52783731
4,1576223940596,2019-12-13 07:59:00.596,9877770,0.00025389,2079.0,0.52783731
5,1576223940693,2019-12-13 07:59:00.693,9877771,0.00025389,545.0,0.13837005
6,1576224196520,2019-12-13 08:03:16.520,9877772,0.00025435,2362.0,0.6007747
7,1576224198335,2019-12-13 08:03:18.335,9877773,0.00025438,602.0,0.15313676
8,1576224252800,2019-12-13 08:04:12.800,9877774,0.00025402,786.0,0.19965972
9,1576224252924,2019-12-13 08:04:12.924,9877775,0.00025402,786.0,0.19965972
10,1576224257982,2019-12-13 08:04:17.982,9877776,0.00025402,786.0,0.19965972
11,1576224257982,2019-12-13 08:04:17.982,9877777,0.00025402,243.0,0.06172686
12,1576224258195,2019-12-13 08:04:18.195,9877778,0.00025402,543.0,0.13793286
13,1576224261999,2019-12-13 08:04:21.999,9877779,0.00025401,786.0,0.19965186
14,1576224267933,2019-12-13 08:04:27.933,9877780,0.00025393,787.0,0.19984291
15,1576224416812,2019-12-13 08:06:56.812,9877781,0.00025416,300.0,0.076248
16,1576224417014,2019-12-13 08:06:57.014,9877782,0.0002542,669.0,0.1700598
17,1576224419425,2019-12-13 08:06:59.425,9877783,0.0002542,118.0,0.0299956
18,1576224419425,2019-12-13 08:06:59.425,9877784,0.00025439,110.0,0.0279829
19,1576224419425,2019-12-13 08:06:59.425,9877785,0.0002544,50.0,0.01272
20,1576224419425,2019-12-13 08:06:59.425,9877786,0.0002544,50.0,0.01272
21,1576224419425,2019-12-13 08:06:59.425,9877787,0.00025442,66.0,0.01679172
22,1576224419425,2019-12-13 08:06:59.425,9877788,0.00025442,786.0,0.19997412
23,1576224419425,2019-12-13 08:06:59.425,9877789,0.00025447,492.0,0.12519924
24,1576224419425,2019-12-13 08:06:59.425,9877790,0.00025449,500.0,0.127245
25,1576224419425,2019-12-13 08:06:59.425,9877791,0.00025449,5715.0,1.45441035
26,1576224420079,2019-12-13 08:07:00.079,9877792,0.0002542,300.0,0.07626
27,1576224420165,2019-12-13 08:07:00.165,9877793,0.00025402,4051.0,1.02903502
28,1576224420606,2019-12-13 08:07:00.606,9877794,0.00025403,3077.0,0.78165031
29,1576224420937,2019-12-13 08:07:00.937,9877795,0.00025403,318.0,0.08078154
30,1576224455641,2019-12-13 08:07:35.641,9877796,0.00025449,500.0,0.127245
31,1576224456163,2019-12-13 08:07:36.163,9877797,0.0002545,50.0,0.012725
32,1576224456163,2019-12-13 08:07:36.163,9877798,0.0002545,50.0,0.012725
33,1576224456163,2019-12-13 08:07:36.163,9877799,0.0002545,20455.0,5.2057975
34,1576224457851,2019-12-13 08:07:37.851,9877800,0.0002545,300.0,0.07635
35,1576224459786,2019-12-13 08:07:39.786,9877801,0.00025443,300.0,0.076329
36,1576224465498,2019-12-13 08:07:45.498,9877802,0.0002545,32564.0,8.287538
37,1576224465696,2019-12-13 08:07:45.696,9877803,0.0002545,14587.0,3.7123915
38,1576224465899,2019-12-13 08:07:45.899,9877804,0.0002545,5413.0,1.3776085
39,1576224466000,2019-12-13 08:07:46.000,9877805,0.0002545,13406.0,3.411827
40,1576224466328,2019-12-13 08:07:46.328,9877806,0.0002545,12784.0,3.253528
41,1576224466643,2019-12-13 08:07:46.643,9877807,0.0002545,8388.0,2.134746
42,1576224466745,2019-12-13 08:07:46.745,9877808,0.00025451,2360.0,0.6006436
43,1576224466861,2019-12-13 08:07:46.861,9877809,0.00025454,5502.0,1.40047908
44,1576224467603,2019-12-13 08:07:47.603,9877810,0.00025455,48.0,0.0122184
45,1576224467603,2019-12-13 08:07:47.603,9877811,0.00025455,786.0,0.2000763
46,1576224467603,2019-12-13 08:07:47.603,9877812,0.00025455,786.0,0.2000763
47,1576224467603,2019-12-13 08:07:47.603,9877813,0.00025455,786.0,0.2000763
48,1576224468041,2019-12-13 08:07:48.041,9877814,0.00025457,533.0,0.13568581
49,1576224468140,2019-12-13 08:07:48.140,9877815,0.00025458,786.0,0.20009988
50,1576224505317,2019-12-13 08:08:25.317,9877816,0.0002546,50.0,0.01273
51,1576224505317,2019-12-13 08:08:25.317,9877817,0.0002546,50.0,0.01273
52,1576224528717,2019-12-13 08:08:48.717,9877818,0.00025466,786.0,0.20016276
53,1576224557190,2019-12-13 08:09:17.190,9877819,0.0002547,50.0,0.012735
54,1576224557190,2019-12-13 08:09:17.190,9877820,0.0002547,50.0,0.012735
55,1576224561253,2019-12-13 08:09:21.253,9877821,0.0002548,50.0,0.01274
56,1576224561253,2019-12-13 08:09:21.253,9877822,0.0002548,50.0,0.01274
57,1576224561888,2019-12-13 08:09:21.888,9877823,0.00025481,255.0,0.06497655
58,1576224562155,2019-12-13 08:09:22.155,9877824,0.0002549,50.0,0.012745
59,1576224562155,2019-12-13 08:09:22.155,9877825,0.0002549,50.0,0.012745
60,1576224562155,2019-12-13 08:09:22.155,9877826,0.00025499,500.0,0.127495
61,1576224562155,2019-12-13 08:09:22.155,9877827,0.00025499,3000.0,0.76497
62,1576224562155,2019-12-13 08:09:22.155,9877828,0.000255,1000.0,0.255
63,1576224562155,2019-12-13 08:09:22.155,9877829,0.000255,50.0,0.01275
64,1576224562155,2019-12-13 08:09:22.155,9877830,0.000255,50.0,0.01275
65,1576224562155,2019-12-13 08:09:22.155,9877831,0.000255,274.0,0.06987
66,1576224562155,2019-12-13 08:09:22.155,9877832,0.000255,903.0,0.230265
67,1576224562215,2019-12-13 08:09:22.215,9877833,0.000255,8900.0,2.2695
68,1576224562256,2019-12-13 08:09:22.256,9877834,0.00025482,450.0,0.114669
69,1576224562256,2019-12-13 08:09:22.256,9877835,0.00025482,450.0,0.114669
70,1576224562256,2019-12-13 08:09:22.256,9877836,0.00025482,100.0,0.025482
71,1576224563764,2019-12-13 08:09:23.764,9877837,0.00025503,184.0,0.04692552
72,1576224563764,2019-12-13 08:09:23.764,9877838,0.00025503,790.0,0.2014737
73,1576224571498,2019-12-13 08:09:31.498,9877839,0.00025486,53.0,0.01350758
74,1576224572824,2019-12-13 08:09:32.824,9877840,0.00025486,306.0,0.07798716
75,1576224593403,2019-12-13 08:09:53.403,9877841,0.00025504,44.0,0.01122176
76,1576224593403,2019-12-13 08:09:53.403,9877842,0.00025506,3553.0,0.90622818
77,1576224593492,2019-12-13 08:09:53.492,9877843,0.0002551,42.0,0.0107142
78,1576224593492,2019-12-13 08:09:53.492,9877844,0.0002551,50.0,0.012755
79,1576224593492,2019-12-13 08:09:53.492,9877845,0.0002551,50.0,0.012755
80,1576224593492,2019-12-13 08:09:53.492,9877846,0.0002551,500.0,0.12755
81,1576224593592,2019-12-13 08:09:53.592,9877847,0.00025511,2994.0,0.76379934
82,1576224594755,2019-12-13 08:09:54.755,9877848,0.00025514,550.0,0.140327
83,1576224663193,2019-12-13 08:11:03.193,9877849,0.00025484,300.0,0.076452
84,1576224663322,2019-12-13 08:11:03.322,9877850,0.00025483,2605.0,0.66383215
85,1576224665288,2019-12-13 08:11:05.288,9877851,0.00025504,82.0,0.02091328
86,1576224665288,2019-12-13 08:11:05.288,9877852,0.00025504,75.0,0.019128
87,1576224665288,2019-12-13 08:11:05.288,9877853,0.00025504,171.0,0.04361184
88,1576224679226,2019-12-13 08:11:19.226,9877854,0.00025516,2079.0,0.53047764
89,1576224679256,2019-12-13 08:11:19.256,9877855,0.00025516,2079.0,0.53047764
90,1576224679256,2019-12-13 08:11:19.256,9877856,0.00025516,2079.0,0.53047764
91,1576224679256,2019-12-13 08:11:19.256,9877857,0.00025516,2079.0,0.53047764
92,1576224679256,2019-12-13 08:11:19.256,9877858,0.00025516,2079.0,0.53047764
93,1576224679256,2019-12-13 08:11:19.256,9877859,0.00025516,545.0,0.1390622
94,1576224680257,2019-12-13 08:11:20.257,9877860,0.00025518,43.0,0.01097274
95,1576224680257,2019-12-13 08:11:20.257,9877861,0.00025519,80.0,0.0204152
96,1576224680257,2019-12-13 08:11:20.257,9877862,0.0002552,50.0,0.01276
97,1576224680257,2019-12-13 08:11:20.257,9877863,0.0002552,50.0,0.01276
98,1576224680257,2019-12-13 08:11:20.257,9877864,0.0002552,1818.0,0.4639536
99,1576224680257,2019-12-13 08:11:20.257,9877865,0.00025525,60.0,0.015315
100,1576224691035,2019-12-13 08:11:31.035,9877866,0.0002553,262.0,0.0668886
101,1576224691035,2019-12-13 08:11:31.035,9877867,0.0002553,50.0,0.012765
102,1576224691035,2019-12-13 08:11:31.035,9877868,0.0002553,50.0,0.012765
103,1576224757673,2019-12-13 08:12:37.673,9877869,0.0002553,69.0,0.0176157
104,1576224757673,2019-12-13 08:12:37.673,9877870,0.0002553,129.0,0.0329337
105,1576224757673,2019-12-13 08:12:37.673,9877871,0.0002553,76.0,0.0194028
106,1576224757716,2019-12-13 08:12:37.716,9877872,0.0002553,6.0,0.0015318
107,1576224757744,2019-12-13 08:12:37.744,9877873,0.00025533,110.0,0.0280863
108,1576224757744,2019-12-13 08:12:37.744,9877874,0.00025535,46.0,0.0117461
109,1576224757939,2019-12-13 08:12:37.939,9877875,0.00025538,450.0,0.114921
110,1576224758705,2019-12-13 08:12:38.705,9877876,0.0002554,50.0,0.01277
111,1576224758705,2019-12-13 08:12:38.705,9877877,0.0002554,50.0,0.01277
112,1576224761155,2019-12-13 08:12:41.155,9877878,0.00025511,101.0,0.02576611
113,1576224771989,2019-12-13 08:12:51.989,9877879,0.00025548,94.0,0.02401512
114,1576224771989,2019-12-13 08:12:51.989,9877880,0.00025549,500.0,0.127745
115,1576224771989,2019-12-13 08:12:51.989,9877881,0.00025549,3000.0,0.76647
116,1576224771989,2019-12-13 08:12:51.989,9877882,0.0002555,50.0,0.012775
117,1576224771989,2019-12-13 08:12:51.989,9877883,0.0002555,50.0,0.012775
118,1576224771989,2019-12-13 08:12:51.989,9877884,0.0002555,1000.0,0.2555
119,1576224771989,2019-12-13 08:12:51.989,9877885,0.0002556,50.0,0.01278
120,1576224771989,2019-12-13 08:12:51.989,9877886,0.0002556,50.0,0.01278
121,1576224894116,2019-12-13 08:14:54.116,9877887,0.00025511,8584.0,2.18986424
122,1576224898660,2019-12-13 08:14:58.660,9877888,0.00025501,443.0,0.11296943
123,1576224929152,2019-12-13 08:15:29.152,9877889,0.00025501,57.0,0.01453557
124,1576224946592,2019-12-13 08:15:46.592,9877890,0.00025479,373.0,0.09503667
125,1576225016474,2019-12-13 08:16:56.474,9877891,0.00025505,2407.0,0.61390535
126,1576225059223,2019-12-13 08:17:39.223,9877892,0.00025505,500.0,0.127525
127,1576225122589,2019-12-13 08:18:42.589,9877893,0.00025505,58.0,0.0147929
128,1576225124557,2019-12-13 08:18:44.557,9877894,0.00025513,848.0,0.21635024
129,1576225251297,2019-12-13 08:20:51.297,9877895,0.00025458,450.0,0.114561
130,1576225251517,2019-12-13 08:20:51.517,9877896,0.00025456,417.0,0.10615152
131,1576225263667,2019-12-13 08:21:03.667,9877897,0.00025451,500.0,0.127255
132,1576225275651,2019-12-13 08:21:15.651,9877898,0.0002544,300.0,0.07632
133,1576225275651,2019-12-13 08:21:15.651,9877899,0.0002544,300.0,0.07632
134,1576225275875,2019-12-13 08:21:15.875,9877900,0.00025439,110.0,0.0279829
135,1576225304147,2019-12-13 08:21:44.147,9877901,0.0002542,80.0,0.020336
136,1576225330137,2019-12-13 08:22:10.137,9877902,0.0002542,220.0,0.055924
137,1576225330254,2019-12-13 08:22:10.254,9877903,0.0002541,467.0,0.1186647
138,1576225334482,2019-12-13 08:22:14.482,9877904,0.00025402,94.0,0.02387788
139,1576225381587,2019-12-13 08:23:01.587,9877905,0.00025401,500.0,0.127005
140,1576225553413,2019-12-13 08:25:53.413,9877906,0.00025411,1283.0,0.32602313
141,1576225911011,2019-12-13 08:31:51.011,9877907,0.00025421,786.0,0.19980906
142,1576226022154,2019-12-13 08:33:42.154,9877908,0.00025407,450.0,0.1143315
143,1576226022154,2019-12-13 08:33:42.154,9877909,0.00025402,39369.0,10.00051338
144,1576226022154,2019-12-13 08:33:42.154,9877910,0.00025402,181.0,0.04597762
145,1576226197181,2019-12-13 08:36:37.181,9877911,0.00025448,786.0,0.20002128
146,1576226197287,2019-12-13 08:36:37.287,9877912,0.00025449,500.0,0.127245
147,1576226240619,2019-12-13 08:37:20.619,9877913,0.00025474,500.0,0.12737
148,1576226343913,2019-12-13 08:39:03.913,9877914,0.00025447,450.0,0.1145115
149,1576226376525,2019-12-13 08:39:36.525,9877915,0.00025467,13.0,0.00331071
150,1576226469406,2019-12-13 08:41:09.406,9877916,0.00025428,786.0,0.19986408
151,1576226470041,2019-12-13 08:41:10.041,9877917,0.00025417,6029.0,1.53239093
152,1576226476035,2019-12-13 08:41:16.035,9877918,0.00025432,786.0,0.19989552
153,1576226477504,2019-12-13 08:41:17.504,9877919,0.00025427,786.0,0.19985622
154,1576226909105,2019-12-13 08:48:29.105,9877920,0.00025452,300.0,0.076356
155,1576226910478,2019-12-13 08:48:30.478,9877921,0.00025453,834.0,0.21227802
156,1576226910478,2019-12-13 08:48:30.478,9877922,0.00025453,834.0,0.21227802
157,1576226910478,2019-12-13 08:48:30.478,9877923,0.00025453,834.0,0.21227802
158,1576226910478,2019-12-13 08:48:30.478,9877924,0.00025453,834.0,0.21227802
159,1576226910478,2019-12-13 08:48:30.478,9877925,0.00025453,834.0,0.21227802
160,1576226910478,2019-12-13 08:48:30.478,9877926,0.00025453,215.0,0.05472395
161,1576226918929,2019-12-13 08:48:38.929,9877927,0.00025455,786.0,0.2000763
162,1576226935433,2019-12-13 08:48:55.433,9877928,0.00025467,786.0,0.20017062
163,1576226935534,2019-12-13 08:48:55.534,9877929,0.00025468,2079.0,0.52947972
164,1576226935636,2019-12-13 08:48:55.636,9877930,0.00025468,2079.0,0.52947972
165,1576226943210,2019-12-13 08:49:03.210,9877931,0.00025468,2079.0,0.52947972
166,1576226943314,2019-12-13 08:49:03.314,9877932,0.00025468,1591.0,0.40519588
167,1576226945019,2019-12-13 08:49:05.019,9877933,0.00025468,488.0,0.12428384
168,1576226945119,2019-12-13 08:49:05.119,9877934,0.00025468,2079.0,0.52947972
169,1576226945217,2019-12-13 08:49:05.217,9877935,0.00025468,545.0,0.1388006
170,1576226948730,2019-12-13 08:49:08.730,9877936,0.00025474,1512.0,0.38516688
171,1576227057630,2019-12-13 08:50:57.630,9877937,0.00025474,67.0,0.01706758
172,1576227057630,2019-12-13 08:50:57.630,9877938,0.00025474,233.0,0.05935442
173,1576227058507,2019-12-13 08:50:58.507,9877939,0.00025474,1846.0,0.47025004
174,1576227058610,2019-12-13 08:50:58.610,9877940,0.00025474,2079.0,0.52960446
175,1576227058710,2019-12-13 08:50:58.710,9877941,0.00025474,2079.0,0.52960446
176,1576227058816,2019-12-13 08:50:58.816,9877942,0.00025474,2079.0,0.52960446
177,1576227058914,2019-12-13 08:50:58.914,9877943,0.00025474,545.0,0.1388333
178,1576227274033,2019-12-13 08:54:34.033,9877944,0.00025485,786.0,0.2003121
179,1576227709654,2019-12-13 09:01:49.654,9877945,0.00025499,500.0,0.127495
180,1576227714727,2019-12-13 09:01:54.727,9877946,0.00025513,79.0,0.02015527
181,1576227715288,2019-12-13 09:01:55.288,9877947,0.00025513,79.0,0.02015527
182,1576227715376,2019-12-13 09:01:55.376,9877948,0.00025513,40.0,0.0102052
183,1576227715427,2019-12-13 09:01:55.427,9877949,0.00025513,44.0,0.01122572
184,1576227828995,2019-12-13 09:03:48.995,9877950,0.00025513,1956.0,0.49903428
185,1576227829007,2019-12-13 09:03:49.007,9877951,0.00025513,7415.0,1.89178895
186,1576227829025,2019-12-13 09:03:49.025,9877952,0.00025513,4739.0,1.20906107
187,1576228225885,2019-12-13 09:10:25.885,9877953,0.0002548,411.0,0.1047228
188,1576228606219,2019-12-13 09:16:46.219,9877954,0.0002548,5798.0,1.4773304
189,1576228634951,2019-12-13 09:17:14.951,9877955,0.0002548,559.0,0.1424332
190,1576229259922,2019-12-13 09:27:39.922,9877956,0.00025467,450.0,0.1146015
191,1576229484515,2019-12-13 09:31:24.515,9877957,0.00025457,450.0,0.1145565
192,1576229484515,2019-12-13 09:31:24.515,9877958,0.00025452,1855.0,0.4721346
193,1576229544828,2019-12-13 09:32:24.828,9877959,0.00025452,778.0,0.19801656
194,1576229728181,2019-12-13 09:35:28.181,9877960,0.00025494,300.0,0.076482
195,1576229826595,2019-12-13 09:37:06.595,9877961,0.00025494,2213.0,0.56418222
196,1576229933277,2019-12-13 09:38:53.277,9877962,0.00025499,500.0,0.127495
197,1576229986952,2019-12-13 09:39:46.952,9877963,0.00025501,250.0,0.0637525
198,1576230537130,2019-12-13 09:48:57.130,9877964,0.00025533,110.0,0.0280863
199,1576230829518,2019-12-13 09:53:49.518,9877965,0.00025525,450.0,0.1148625
200,1576230830154,2019-12-13 09:53:50.154,9877966,0.00025523,783.0,0.19984509
201,1576231797087,2019-12-13 10:09:57.087,9877967,0.00025548,84.0,0.02146032
202,1576231849292,2019-12-13 10:10:49.292,9877968,0.00025519,783.0,0.19981377
203,1576231859353,2019-12-13 10:10:59.353,9877969,0.00025513,783.0,0.19976679
204,1576232047893,2019-12-13 10:14:07.893,9877970,0.0002554,783.0,0.1999782
205,1576232116304,2019-12-13 10:15:16.304,9877971,0.00025548,10.0,0.0025548
206,1576232116304,2019-12-13 10:15:16.304,9877972,0.00025549,500.0,0.127745
207,1576232116304,2019-12-13 10:15:16.304,9877973,0.00025549,4155.0,1.06156095
208,1576232167323,2019-12-13 10:16:07.323,9877974,0.00025549,1140.0,0.2912586
209,1576232167323,2019-12-13 10:16:07.323,9877975,0.00025549,2774.0,0.70872926
210,1576232288684,2019-12-13 10:18:08.684,9877976,0.00025548,180.0,0.0459864
211,1576232288684,2019-12-13 10:18:08.684,9877977,0.00025548,127.0,0.03244596
212,1576232288790,2019-12-13 10:18:08.790,9877978,0.00025549,1201.0,0.30684349
213,1576232296911,2019-12-13 10:18:16.911,9877979,0.00025549,8878.0,2.26824022
214,1576232301140,2019-12-13 10:18:21.140,9877980,0.00025549,587.0,0.14997263
215,1576232309671,2019-12-13 10:18:29.671,9877981,0.00025549,15178.0,3.87782722
216,1576232309671,2019-12-13 10:18:29.671,9877982,0.00025559,783.0,0.20012697
217,1576232309671,2019-12-13 10:18:29.671,9877983,0.00025559,10846.0,2.77212914
218,1576232309671,2019-12-13 10:18:29.671,9877984,0.0002556,1257.0,0.3212892
219,1576232309671,2019-12-13 10:18:29.671,9877985,0.0002556,2959.0,0.7563204
220,1576232309671,2019-12-13 10:18:29.671,9877986,0.00025562,296.0,0.07566352
221,1576232309671,2019-12-13 10:18:29.671,9877987,0.0002557,50.0,0.012785
222,1576232309671,2019-12-13 10:18:29.671,9877988,0.0002557,50.0,0.012785
223,1576232309671,2019-12-13 10:18:29.671,9877989,0.0002557,50.0,0.012785
224,1576232309671,2019-12-13 10:18:29.671,9877990,0.00025573,7200.0,1.841256
225,1576232309671,2019-12-13 10:18:29.671,9877991,0.00025575,48.0,0.012276
226,1576232309671,2019-12-13 10:18:29.671,9877992,0.00025576,783.0,0.20026008
227,1576232309671,2019-12-13 10:18:29.671,9877993,0.0002558,50.0,0.01279
228,1576232309671,2019-12-13 10:18:29.671,9877994,0.0002558,50.0,0.01279
229,1576232309671,2019-12-13 10:18:29.671,9877995,0.00025581,202.0,0.05167362
230,1576232309671,2019-12-13 10:18:29.671,9877996,0.00025582,43.0,0.01100026
231,1576232309671,2019-12-13 10:18:29.671,9877997,0.00025586,1118.0,0.28605148
232,1576232414594,2019-12-13 10:20:14.594,9877998,0.00025531,756.0,0.19301436
233,1576233045134,2019-12-13 10:30:45.134,9877999,0.00025526,373.0,0.09521198
234,1576233079888,2019-12-13 10:31:19.888,9878000,0.00025514,450.0,0.114813
235,1576233080412,2019-12-13 10:31:20.412,9878001,0.00025509,783.0,0.19973547
236,1576233094523,2019-12-13 10:31:34.523,9878002,0.00025503,405.0,0.10328715
237,1576233277005,2019-12-13 10:34:37.005,9878003,0.00025503,12.0,0.00306036
238,1576233277005,2019-12-13 10:34:37.005,9878004,0.00025501,533.0,0.13592033
239,1576233277005,2019-12-13 10:34:37.005,9878005,0.00025501,500.0,0.127505
240,1576233834751,2019-12-13 10:43:54.751,9878006,0.00025548,522.0,0.13336056
241,1576233834751,2019-12-13 10:43:54.751,9878007,0.00025549,500.0,0.127745
242,1576233834751,2019-12-13 10:43:54.751,9878008,0.00025557,1509.0,0.38565513
243,1576233834751,2019-12-13 10:43:54.751,9878009,0.00025558,2925.0,0.7475715
244,1576233841970,2019-12-13 10:44:01.970,9878010,0.00025557,1352.0,0.34553064
245,1576233844555,2019-12-13 10:44:04.555,9878011,0.00025558,451.0,0.11526658
246,1576233985905,2019-12-13 10:46:25.905,9878012,0.00025581,19598.0,5.01336438
247,1576233985905,2019-12-13 10:46:25.905,9878013,0.00025582,39198.0,10.02763236
248,1576234096105,2019-12-13 10:48:16.105,9878014,0.00025582,4769.0,1.22000558
249,1576234097232,2019-12-13 10:48:17.232,9878015,0.00025552,998.0,0.25500896
250,1576234105149,2019-12-13 10:48:25.149,9878016,0.00025554,783.0,0.20008782
251,1576234121759,2019-12-13 10:48:41.759,9878017,0.00025587,783.0,0.20034621
252,1576234121759,2019-12-13 10:48:41.759,9878018,0.00025588,2973.0,0.76073124
253,1576234121759,2019-12-13 10:48:41.759,9878019,0.00025589,39158.0,10.02014062
254,1576234121759,2019-12-13 10:48:41.759,9878020,0.0002559,50.0,0.012795
255,1576234121759,2019-12-13 10:48:41.759,9878021,0.0002559,50.0,0.012795
256,1576234121759,2019-12-13 10:48:41.759,9878022,0.0002559,1000.0,0.2559
257,1576234121759,2019-12-13 10:48:41.759,9878023,0.00025599,500.0,0.127995
258,1576234121759,2019-12-13 10:48:41.759,9878024,0.00025599,3000.0,0.76797
259,1576234121759,2019-12-13 10:48:41.759,9878025,0.000256,66.0,0.016896
260,1576234121759,2019-12-13 10:48:41.759,9878026,0.000256,50.0,0.0128
261,1576234121759,2019-12-13 10:48:41.759,9878027,0.000256,50.0,0.0128
262,1576234121759,2019-12-13 10:48:41.759,9878028,0.00025602,4666.0,1.19458932
263,1576234121759,2019-12-13 10:48:41.759,9878029,0.00025604,11059.0,2.83154636
264,1576234121759,2019-12-13 10:48:41.759,9878030,0.00025606,492.0,0.12598152
265,1576234121759,2019-12-13 10:48:41.759,9878031,0.00025606,52.0,0.01331512
266,1576234121759,2019-12-13 10:48:41.759,9878032,0.00025607,20682.0,5.29603974
267,1576234121759,2019-12-13 10:48:41.759,9878033,0.00025608,48.0,0.01229184
268,1576234121759,2019-12-13 10:48:41.759,9878034,0.0002561,50.0,0.012805
269,1576234121759,2019-12-13 10:48:41.759,9878035,0.0002561,50.0,0.012805
270,1576234121759,2019-12-13 10:48:41.759,9878036,0.0002561,1000.0,0.2561
271,1576234121759,2019-12-13 10:48:41.759,9878037,0.0002561,9420.0,2.412462
272,1576234121759,2019-12-13 10:48:41.759,9878038,0.00025612,40.0,0.0102448
273,1576234121759,2019-12-13 10:48:41.759,9878039,0.00025612,5300.0,1.357436
274,1576234121759,2019-12-13 10:48:41.759,9878040,0.00025615,3077.0,0.78817355
275,1576234121759,2019-12-13 10:48:41.759,9878041,0.00025616,698.0,0.17879968
276,1576234424391,2019-12-13 10:53:44.391,9878042,0.00025559,450.0,0.1150155
277,1576234431191,2019-12-13 10:53:51.191,9878043,0.00025559,1310.0,0.3348229
278,1576234452976,2019-12-13 10:54:12.976,9878044,0.00025559,1056.0,0.26990304
279,1576234532277,2019-12-13 10:55:32.277,9878045,0.00025599,4990.0,1.2773901
280,1576234564621,2019-12-13 10:56:04.621,9878046,0.00025599,500.0,0.127995
281,1576234693137,2019-12-13 10:58:13.137,9878047,0.0002558,388.0,0.0992504
282,1576234699169,2019-12-13 10:58:19.169,9878048,0.00025619,1380.0,0.3535422
283,1576234737360,2019-12-13 10:58:57.360,9878049,0.00025619,5175.0,1.32578325
284,1576234746372,2019-12-13 10:59:06.372,9878050,0.00025619,772.0,0.19777868
285,1576234756285,2019-12-13 10:59:16.285,9878051,0.00025589,173.0,0.04426897
286,1576234796740,2019-12-13 10:59:56.740,9878052,0.0002562,300.0,0.07686
287,1576234797519,2019-12-13 10:59:57.519,9878053,0.0002562,302.0,0.0773724
288,1576234797519,2019-12-13 10:59:57.519,9878054,0.0002562,50.0,0.01281
289,1576234797519,2019-12-13 10:59:57.519,9878055,0.0002562,50.0,0.01281
290,1576234798889,2019-12-13 10:59:58.889,9878056,0.00025624,7532.0,1.92999968
291,1576234799006,2019-12-13 10:59:59.006,9878057,0.00025624,2430.0,0.6226632
292,1576234799190,2019-12-13 10:59:59.190,9878058,0.00025624,31650.0,8.109996
293,1576234808767,2019-12-13 11:00:08.767,9878059,0.00025624,1504.0,0.38538496
294,1576234810974,2019-12-13 11:00:10.974,9878060,0.00025624,671.0,0.17193704
295,1576234811229,2019-12-13 11:00:11.229,9878061,0.00025624,14092.0,3.61093408
296,1576234811280,2019-12-13 11:00:11.280,9878062,0.00025624,300.0,0.076872
297,1576234811301,2019-12-13 11:00:11.301,9878063,0.00025624,3971.0,1.01752904
298,1576234811390,2019-12-13 11:00:11.390,9878064,0.00025624,6178.0,1.58305072
299,1576234811499,2019-12-13 11:00:11.499,9878065,0.00025624,1438.0,0.36847312
300,1576234811559,2019-12-13 11:00:11.559,9878066,0.00025624,1438.0,0.36847312
301,1576234811840,2019-12-13 11:00:11.840,9878067,0.00025624,5586.0,1.43135664
302,1576234811943,2019-12-13 11:00:11.943,9878068,0.00025624,2255.0,0.5778212
303,1576234812140,2019-12-13 11:00:12.140,9878069,0.00025624,11363.0,2.91165512
304,1576234812358,2019-12-13 11:00:12.358,9878070,0.00025624,7620.0,1.9525488
305,1576234814041,2019-12-13 11:00:14.041,9878071,0.00025624,2790.0,0.7149096
306,1576234987823,2019-12-13 11:03:07.823,9878072,0.00025623,206.0,0.05278338
307,1576235039678,2019-12-13 11:03:59.678,9878073,0.00025624,13282.0,3.40337968
308,1576235041061,2019-12-13 11:04:01.061,9878074,0.00025624,5625.0,1.44135
309,1576235195830,2019-12-13 11:06:35.830,9878075,0.00025624,18790.0,4.8147496
310,1576235203153,2019-12-13 11:06:43.153,9878076,0.00025624,313.0,0.08020312
311,1576235210288,2019-12-13 11:06:50.288,9878077,0.00025624,13711.0,3.51330664
312,1576235210852,2019-12-13 11:06:50.852,9878078,0.00025624,6105.0,1.5643452
313,1576235210852,2019-12-13 11:06:50.852,9878079,0.00025624,40.0,0.0102496
314,1576235216009,2019-12-13 11:06:56.009,9878080,0.00025625,4692.0,1.202325
315,1576235216206,2019-12-13 11:06:56.206,9878081,0.00025625,4200.0,1.07625
316,1576235216206,2019-12-13 11:06:56.206,9878082,0.00025625,1736.0,0.44485
317,1576235216206,2019-12-13 11:06:56.206,9878083,0.00025625,1572.0,0.402825
318,1576235265453,2019-12-13 11:07:45.453,9878084,0.00025627,110.0,0.0281897
319,1576235326987,2019-12-13 11:08:46.987,9878085,0.0002563,50.0,0.012815
320,1576235326987,2019-12-13 11:08:46.987,9878086,0.0002563,50.0,0.012815
321,1576235327004,2019-12-13 11:08:47.004,9878087,0.00025634,255.0,0.0653667
322,1576235327004,2019-12-13 11:08:47.004,9878088,0.00025636,1000.0,0.25636
323,1576235327004,2019-12-13 11:08:47.004,9878089,0.0002564,50.0,0.01282
324,1576235327004,2019-12-13 11:08:47.004,9878090,0.0002564,50.0,0.01282
325,1576235327004,2019-12-13 11:08:47.004,9878091,0.0002564,937.0,0.2402468
326,1576235327004,2019-12-13 11:08:47.004,9878092,0.00025641,778.0,0.19948698
327,1576235327015,2019-12-13 11:08:47.015,9878093,0.00025643,89.0,0.02282227
328,1576235327042,2019-12-13 11:08:47.042,9878094,0.00025649,500.0,0.128245
329,1576235327042,2019-12-13 11:08:47.042,9878095,0.00025649,2006.0,0.51451894
330,1576235327098,2019-12-13 11:08:47.098,9878096,0.00025649,752.0,0.19288048
331,1576235327111,2019-12-13 11:08:47.111,9878097,0.00025649,242.0,0.06207058
332,1576235327111,2019-12-13 11:08:47.111,9878098,0.00025649,58.0,0.01487642
333,1576235327114,2019-12-13 11:08:47.114,9878099,0.00025649,23.0,0.00589927
334,1576235402421,2019-12-13 11:10:02.421,9878100,0.0002565,50.0,0.012825
335,1576235402421,2019-12-13 11:10:02.421,9878101,0.0002565,50.0,0.012825
336,1576235403896,2019-12-13 11:10:03.896,9878102,0.00025657,43.0,0.01103251
337,1576235449802,2019-12-13 11:10:49.802,9878103,0.00025657,2.0,0.00051314
338,1576235476654,2019-12-13 11:11:16.654,9878104,0.00025659,184.0,0.04721256
339,1576235476654,2019-12-13 11:11:16.654,9878105,0.00025659,44.0,0.01128996
340,1576235476654,2019-12-13 11:11:16.654,9878106,0.0002566,50.0,0.01283
341,1576235476654,2019-12-13 11:11:16.654,9878107,0.0002566,50.0,0.01283
342,1576235476654,2019-12-13 11:11:16.654,9878108,0.00025661,783.0,0.20092563
343,1576235476654,2019-12-13 11:11:16.654,9878109,0.00025662,44.0,0.01129128
344,1576235476654,2019-12-13 11:11:16.654,9878110,0.00025666,790.0,0.2027614
345,1576235476654,2019-12-13 11:11:16.654,9878111,0.00025667,2079.0,0.53361693
346,1576235476654,2019-12-13 11:11:16.654,9878112,0.00025667,2079.0,0.53361693
347,1576235476654,2019-12-13 11:11:16.654,9878113,0.00025667,2079.0,0.53361693
348,1576235476654,2019-12-13 11:11:16.654,9878114,0.00025667,2079.0,0.53361693
349,1576235476654,2019-12-13 11:11:16.654,9878115,0.00025667,2079.0,0.53361693
350,1576235476654,2019-12-13 11:11:16.654,9878116,0.00025667,545.0,0.13988515
351,1576235476654,2019-12-13 11:11:16.654,9878117,0.0002567,42.0,0.0107814
352,1576235476654,2019-12-13 11:11:16.654,9878118,0.0002567,50.0,0.012835
353,1576235476654,2019-12-13 11:11:16.654,9878119,0.0002567,50.0,0.012835
354,1576235476654,2019-12-13 11:11:16.654,9878120,0.00025674,986.0,0.25314564
355,1576235476654,2019-12-13 11:11:16.654,9878121,0.00025677,43.0,0.01104111
356,1576235476654,2019-12-13 11:11:16.654,9878122,0.00025677,533.0,0.13685841
357,1576235476654,2019-12-13 11:11:16.654,9878123,0.0002568,50.0,0.01284
358,1576235476654,2019-12-13 11:11:16.654,9878124,0.0002568,50.0,0.01284
359,1576235476654,2019-12-13 11:11:16.654,9878125,0.00025681,5488.0,1.40937328
360,1576235476654,2019-12-13 11:11:16.654,9878126,0.00025685,44.0,0.0113014
361,1576235476654,2019-12-13 11:11:16.654,9878127,0.0002569,50.0,0.012845
362,1576235476654,2019-12-13 11:11:16.654,9878128,0.0002569,50.0,0.012845
363,1576235476654,2019-12-13 11:11:16.654,9878129,0.00025696,7500.0,1.9272
364,1576235476654,2019-12-13 11:11:16.654,9878130,0.00025697,1178.0,0.30271066
365,1576235476654,2019-12-13 11:11:16.654,9878131,0.00025699,500.0,0.128495
366,1576235476654,2019-12-13 11:11:16.654,9878132,0.00025699,3000.0,0.77097
367,1576235476668,2019-12-13 11:11:16.668,9878133,0.00025699,26810.0,6.8899019
368,1576235476677,2019-12-13 11:11:16.677,9878134,0.00025699,1405.0,0.36107095
369,1576235476711,2019-12-13 11:11:16.711,9878135,0.00025699,4930.0,1.2669607
370,1576235567300,2019-12-13 11:12:47.300,9878136,0.00025663,450.0,0.1154835
371,1576235629760,2019-12-13 11:13:49.760,9878137,0.00025666,215.0,0.0551819
372,1576235632478,2019-12-13 11:13:52.478,9878138,0.00025666,19.0,0.00487654
373,1576235782109,2019-12-13 11:16:22.109,9878139,0.00025666,109.0,0.02797594
374,1576235840931,2019-12-13 11:17:20.931,9878140,0.00025667,1612.0,0.41375204
375,1576235843092,2019-12-13 11:17:23.092,9878141,0.00025666,6899.0,1.77069734
376,1576235844203,2019-12-13 11:17:24.203,9878142,0.00025666,6391.0,1.64031406
377,1576235845116,2019-12-13 11:17:25.116,9878143,0.00025666,5906.0,1.51583396
378,1576235845804,2019-12-13 11:17:25.804,9878144,0.00025666,5606.0,1.43883596
379,1576236244410,2019-12-13 11:24:04.410,9878145,0.00025696,300.0,0.077088
380,1576236244410,2019-12-13 11:24:04.410,9878146,0.00025697,301.0,0.07734797
381,1576236353519,2019-12-13 11:25:53.519,9878147,0.00025697,20774.0,5.33829478
382,1576236383059,2019-12-13 11:26:23.059,9878148,0.00025697,3702.0,0.95130294
383,1576236383059,2019-12-13 11:26:23.059,9878149,0.00025698,3993.0,1.02612114
384,1576236481285,2019-12-13 11:28:01.285,9878150,0.00025697,500.0,0.128485
385,1576236485661,2019-12-13 11:28:05.661,9878151,0.00025666,2239.0,0.57466174
386,1576236485875,2019-12-13 11:28:05.875,9878152,0.00025666,1652.0,0.42400232
387,1576236561389,2019-12-13 11:29:21.389,9878153,0.00025651,40.0,0.0102604
388,1576236830945,2019-12-13 11:33:50.945,9878154,0.00025697,550.0,0.1413335
389,1576236930176,2019-12-13 11:35:30.176,9878155,0.00025657,450.0,0.1154565
390,1576237581187,2019-12-13 11:46:21.187,9878156,0.00025651,460.0,0.1179946
391,1576237581187,2019-12-13 11:46:21.187,9878157,0.00025649,7227.0,1.85365323
392,1576238105071,2019-12-13 11:55:05.071,9878158,0.00025698,403.0,0.10356294
393,1576238134543,2019-12-13 11:55:34.543,9878159,0.00025698,282.0,0.07246836
394,1576238134733,2019-12-13 11:55:34.733,9878160,0.00025699,500.0,0.128495
395,1576238135539,2019-12-13 11:55:35.539,9878161,0.000257,50.0,0.01285
396,1576238135539,2019-12-13 11:55:35.539,9878162,0.000257,50.0,0.01285
397,1576238135563,2019-12-13 11:55:35.563,9878163,0.00025703,44.0,0.01130932
398,1576238135676,2019-12-13 11:55:35.676,9878164,0.00025706,48.0,0.01233888
399,1576238142740,2019-12-13 11:55:42.740,9878165,0.00025708,43.0,0.01105444
400,1576238144829,2019-12-13 11:55:44.829,9878166,0.0002571,50.0,0.012855
401,1576238144829,2019-12-13 11:55:44.829,9878167,0.0002571,50.0,0.012855
402,1576238146072,2019-12-13 11:55:46.072,9878168,0.00025709,82.0,0.02108138
403,1576238181945,2019-12-13 11:56:21.945,9878169,0.0002572,262.0,0.0673864
404,1576238181945,2019-12-13 11:56:21.945,9878170,0.0002572,50.0,0.01286
405,1576238181945,2019-12-13 11:56:21.945,9878171,0.0002572,50.0,0.01286
406,1576238189739,2019-12-13 11:56:29.739,9878172,0.00025721,110.0,0.0282931
407,1576238189867,2019-12-13 11:56:29.867,9878173,0.00025723,296.0,0.07614008
408,1576238189974,2019-12-13 11:56:29.974,9878174,0.00025729,816.0,0.20994864
409,1576238194771,2019-12-13 11:56:34.771,9878175,0.00025722,450.0,0.115749
410,1576238208505,2019-12-13 11:56:48.505,9878176,0.0002573,50.0,0.012865
411,1576238208505,2019-12-13 11:56:48.505,9878177,0.0002573,50.0,0.012865
412,1576238210261,2019-12-13 11:56:50.261,9878178,0.0002573,305.0,0.0784765
413,1576238211217,2019-12-13 11:56:51.217,9878179,0.00025701,40.0,0.0102804
414,1576238218312,2019-12-13 11:56:58.312,9878180,0.00025701,405.0,0.10408905
415,1576238400631,2019-12-13 12:00:00.631,9878181,0.00025733,202.0,0.05198066
416,1576238401546,2019-12-13 12:00:01.546,9878182,0.00025738,1295.0,0.3333071
417,1576238401546,2019-12-13 12:00:01.546,9878183,0.00025738,510.0,0.1312638
418,1576238418222,2019-12-13 12:00:18.222,9878184,0.00025738,83.0,0.02136254
419,1576238418222,2019-12-13 12:00:18.222,9878185,0.0002574,50.0,0.01287
420,1576238418222,2019-12-13 12:00:18.222,9878186,0.0002574,50.0,0.01287
421,1576238418755,2019-12-13 12:00:18.755,9878187,0.00025741,48.0,0.01235568
422,1576238418981,2019-12-13 12:00:18.981,9878188,0.00025744,43.0,0.01106992
423,1576238419050,2019-12-13 12:00:19.050,9878189,0.00025747,43.0,0.01107121
424,1576238419494,2019-12-13 12:00:19.494,9878190,0.00025749,500.0,0.128745
425,1576238419494,2019-12-13 12:00:19.494,9878191,0.00025749,3000.0,0.77247
426,1576238419496,2019-12-13 12:00:19.496,9878192,0.0002575,50.0,0.012875
427,1576238419496,2019-12-13 12:00:19.496,9878193,0.0002575,50.0,0.012875
428,1576238464102,2019-12-13 12:01:04.102,9878194,0.00025754,43.0,0.01107422
429,1576238476133,2019-12-13 12:01:16.133,9878195,0.00025758,66.0,0.01700028
430,1576238476176,2019-12-13 12:01:16.176,9878196,0.00025758,8060.0,2.0760948
431,1576238742182,2019-12-13 12:05:42.182,9878197,0.0002576,40.0,0.010304
432,1576238950702,2019-12-13 12:09:10.702,9878198,0.0002576,10.0,0.002576
433,1576238950702,2019-12-13 12:09:10.702,9878199,0.0002576,50.0,0.01288
434,1576239003928,2019-12-13 12:10:03.928,9878200,0.00025761,40.0,0.0103044
435,1576239024072,2019-12-13 12:10:24.072,9878201,0.00025762,48.0,0.01236576
436,1576239091974,2019-12-13 12:11:31.974,9878202,0.00025765,42.0,0.0108213
437,1576239112067,2019-12-13 12:11:52.067,9878203,0.00025736,450.0,0.115812
438,1576239112067,2019-12-13 12:11:52.067,9878204,0.00025732,10821.0,2.78445972
439,1576239160612,2019-12-13 12:12:40.612,9878205,0.00025767,492.0,0.12677364
440,1576239160612,2019-12-13 12:12:40.612,9878206,0.00025767,550.0,0.1417185
441,1576239184974,2019-12-13 12:13:04.974,9878207,0.0002577,50.0,0.012885
442,1576239184974,2019-12-13 12:13:04.974,9878208,0.0002577,50.0,0.012885
443,1576239184974,2019-12-13 12:13:04.974,9878209,0.0002577,72.0,0.0185544
444,1576239184974,2019-12-13 12:13:04.974,9878210,0.00025772,1000.0,0.25772
445,1576239185086,2019-12-13 12:13:05.086,9878211,0.00025772,1145.0,0.2950894
446,1576239186204,2019-12-13 12:13:06.204,9878212,0.00025772,1985.0,0.5115742
447,1576239238395,2019-12-13 12:13:58.395,9878213,0.00025779,388.0,0.10002252
448,1576239281610,2019-12-13 12:14:41.610,9878214,0.00025779,65.0,0.01675635
449,1576239428951,2019-12-13 12:17:08.951,9878215,0.00025756,450.0,0.115902
450,1576239552724,2019-12-13 12:19:12.724,9878216,0.00025754,776.0,0.19985104
451,1576239576038,2019-12-13 12:19:36.038,9878217,0.00025751,500.0,0.128755
452,1576239580573,2019-12-13 12:19:40.573,9878218,0.00025731,7548.0,1.94217588
453,1576239925262,2019-12-13 12:25:25.262,9878219,0.0002573,16215.0,4.1721195
454,1576239940777,2019-12-13 12:25:40.777,9878220,0.0002573,23025.0,5.9243325
455,1576239979835,2019-12-13 12:26:19.835,9878221,0.0002573,6554.0,1.6863442
456,1576239980360,2019-12-13 12:26:20.360,9878222,0.0002573,20000.0,5.146
457,1576239985451,2019-12-13 12:26:25.451,9878223,0.0002573,4048.0,1.0415504
458,1576239985882,2019-12-13 12:26:25.882,9878224,0.0002573,6649.0,1.7107877
459,1576240000997,2019-12-13 12:26:40.997,9878225,0.0002573,6800.0,1.74964
460,1576240038927,2019-12-13 12:27:18.927,9878226,0.0002573,42.0,0.0108066
461,1576240038927,2019-12-13 12:27:18.927,9878227,0.0002573,916.0,0.2356868
462,1576240044566,2019-12-13 12:27:24.566,9878228,0.00025701,5.0,0.00128505
463,1576240044566,2019-12-13 12:27:24.566,9878229,0.00025701,194.0,0.04985994
464,1576240045878,2019-12-13 12:27:25.878,9878230,0.00025701,197.0,0.05063097
465,1576240203310,2019-12-13 12:30:03.310,9878231,0.00025701,104.0,0.02672904
466,1576240203310,2019-12-13 12:30:03.310,9878232,0.00025701,199.0,0.05114499
467,1576240212369,2019-12-13 12:30:12.369,9878233,0.00025673,40.0,0.0102692
468,1576240332886,2019-12-13 12:32:12.886,9878234,0.00025736,80.0,0.0205888
469,1576240368263,2019-12-13 12:32:48.263,9878235,0.00025736,40.0,0.0102944
470,1576240434933,2019-12-13 12:33:54.933,9878236,0.00025707,584.0,0.15012888
471,1576240462517,2019-12-13 12:34:22.517,9878237,0.00025707,193.0,0.04961451
472,1576240464179,2019-12-13 12:34:24.179,9878238,0.00025703,777.0,0.19971231
473,1576240832786,2019-12-13 12:40:32.786,9878239,0.00025701,500.0,0.128505
474,1576240905448,2019-12-13 12:41:45.448,9878240,0.00025684,450.0,0.115578
475,1576240919405,2019-12-13 12:41:59.405,9878241,0.00025697,217.0,0.05576249
476,1576241139023,2019-12-13 12:45:39.023,9878242,0.00025696,14056.0,3.61182976
477,1576241142538,2019-12-13 12:45:42.538,9878243,0.00025697,3.0,0.00077091
478,1576241142538,2019-12-13 12:45:42.538,9878244,0.00025698,4682.0,1.20318036
479,1576241143900,2019-12-13 12:45:43.900,9878245,0.00025698,4685.0,1.2039513
480,1576241145174,2019-12-13 12:45:45.174,9878246,0.00025698,4685.0,1.2039513
481,1576241421437,2019-12-13 12:50:21.437,9878247,0.00025699,500.0,0.128495
482,1576241577686,2019-12-13 12:52:57.686,9878248,0.00025701,1147.0,0.29479047
483,1576241591580,2019-12-13 12:53:11.580,9878249,0.00025701,1232.0,0.31663632
484,1576241627170,2019-12-13 12:53:47.170,9878250,0.00025704,23444.0,6.02604576
485,1576241773517,2019-12-13 12:56:13.517,9878251,0.00025708,6172.0,1.58669776
486,1576242155242,2019-12-13 13:02:35.242,9878252,0.00025677,6268.0,1.60943436
487,1576242169162,2019-12-13 13:02:49.162,9878253,0.00025708,1944.0,0.49976352
488,1576242171238,2019-12-13 13:02:51.238,9878254,0.00025708,2235.0,0.5745738
489,1576242172197,2019-12-13 13:02:52.197,9878255,0.00025708,1944.0,0.49976352
490,1576242172300,2019-12-13 13:02:52.300,9878256,0.00025708,8616.0,2.21500128
491,1576242217800,2019-12-13 13:03:37.800,9878257,0.00025708,323.0,0.08303684
492,1576242247845,2019-12-13 13:04:07.845,9878258,0.00025708,327.0,0.08406516
493,1576242256086,2019-12-13 13:04:16.086,9878259,0.00025708,5286.0,1.35892488
494,1576242372946,2019-12-13 13:06:12.946,9878260,0.00025708,2154.0,0.55375032
495,1576242393804,2019-12-13 13:06:33.804,9878261,0.00025708,2376.0,0.61082208
496,1576242393911,2019-12-13 13:06:33.911,9878262,0.00025708,1957.0,0.50310556
497,1576242393911,2019-12-13 13:06:33.911,9878263,0.00025708,353.0,0.09074924
498,1576242394017,2019-12-13 13:06:34.017,9878264,0.00025708,2248.0,0.57791584
499,1576242394107,2019-12-13 13:06:34.107,9878265,0.00025708,2186.0,0.56197688
500,1576242394223,2019-12-13 13:06:34.223,9878266,0.00025708,2123.0,0.54578084
501,1576242394326,2019-12-13 13:06:34.326,9878267,0.00025708,869.0,0.22340252
502,1576242532081,2019-12-13 13:08:52.081,9878268,0.00025694,450.0,0.115623
503,1576242917866,2019-12-13 13:15:17.866,9878269,0.00025721,10504.0,2.70173384
504,1576242917866,2019-12-13 13:15:17.866,9878270,0.00025722,3544.0,0.91158768
505,1576242920820,2019-12-13 13:15:20.820,9878271,0.00025722,4684.0,1.20481848
506,1576242925310,2019-12-13 13:15:25.310,9878272,0.00025722,4684.0,1.20481848
507,1576242930615,2019-12-13 13:15:30.615,9878273,0.00025722,4684.0,1.20481848
508,1576242933529,2019-12-13 13:15:33.529,9878274,0.00025722,4682.0,1.20430404
509,1576243177205,2019-12-13 13:19:37.205,9878275,0.00025696,777.0,0.19965792
510,1576243177205,2019-12-13 13:19:37.205,9878276,0.00025694,573.0,0.14722662
511,1576243259116,2019-12-13 13:20:59.116,9878277,0.00025694,205.0,0.0526727
512,1576243259116,2019-12-13 13:20:59.116,9878278,0.00025694,1010.0,0.2595094
513,1576243259197,2019-12-13 13:20:59.197,9878279,0.00025694,3785.0,0.9725179
514,1576243262374,2019-12-13 13:21:02.374,9878280,0.00025693,779.0,0.20014847
515,1576243265334,2019-12-13 13:21:05.334,9878281,0.00025721,4686.0,1.20528606
516,1576243344279,2019-12-13 13:22:24.279,9878282,0.00025722,1055.0,0.2713671
517,1576243381148,2019-12-13 13:23:01.148,9878283,0.00025695,450.0,0.1156275
518,1576243397604,2019-12-13 13:23:17.604,9878284,0.00025655,4215.0,1.08135825
519,1576243397604,2019-12-13 13:23:17.604,9878285,0.00025654,4507.0,1.15622578
520,1576243400507,2019-12-13 13:23:20.507,9878286,0.00025651,500.0,0.128255
521,1576243400507,2019-12-13 13:23:20.507,9878287,0.00025649,1735.0,0.44501015
522,1576243406338,2019-12-13 13:23:26.338,9878288,0.00025649,80.0,0.0205192
523,1576243406552,2019-12-13 13:23:26.552,9878289,0.00025636,1000.0,0.25636
524,1576243409635,2019-12-13 13:23:29.635,9878290,0.00025627,110.0,0.0281897
525,1576243410281,2019-12-13 13:23:30.281,9878291,0.00025624,390.0,0.0999336
526,1576243446477,2019-12-13 13:24:06.477,9878292,0.00025608,48.0,0.01229184
527,1576243452466,2019-12-13 13:24:12.466,9878293,0.00025606,492.0,0.12598152
528,1576243452609,2019-12-13 13:24:12.609,9878294,0.00025601,500.0,0.128005
529,1576243459427,2019-12-13 13:24:19.427,9878295,0.000256,66.0,0.016896
530,1576243463538,2019-12-13 13:24:23.538,9878296,0.00025585,221.0,0.05654285
531,1576243463538,2019-12-13 13:24:23.538,9878297,0.00025585,2000.0,0.5117
532,1576243463849,2019-12-13 13:24:23.849,9878298,0.00025581,202.0,0.05167362
533,1576243472796,2019-12-13 13:24:32.796,9878299,0.00025575,48.0,0.012276
534,1576243472796,2019-12-13 13:24:32.796,9878300,0.00025575,40.0,0.01023
535,1576243524754,2019-12-13 13:25:24.754,9878301,0.00025565,300.0,0.076695
536,1576243524754,2019-12-13 13:25:24.754,9878302,0.00025562,296.0,0.07566352
537,1576243524754,2019-12-13 13:25:24.754,9878303,0.00025551,500.0,0.127755
538,1576243524754,2019-12-13 13:25:24.754,9878304,0.00025533,110.0,0.0280863
539,1576243524754,2019-12-13 13:25:24.754,9878305,0.0002553,262.0,0.0668886
540,1576243524754,2019-12-13 13:25:24.754,9878306,0.00025527,39177.0,10.00071279
541,1576243524754,2019-12-13 13:25:24.754,9878307,0.00025526,4643.0,1.18517218
542,1576243524754,2019-12-13 13:25:24.754,9878308,0.00025522,429.0,0.10948938
543,1576243524754,2019-12-13 13:25:24.754,9878309,0.00025522,9400.0,2.399068
544,1576243524754,2019-12-13 13:25:24.754,9878310,0.00025521,44.0,0.01122924
545,1576243524754,2019-12-13 13:25:24.754,9878311,0.00025518,43.0,0.01097274
546,1576243524754,2019-12-13 13:25:24.754,9878312,0.00025515,5300.0,1.352295
547,1576243524754,2019-12-13 13:25:24.754,9878313,0.0002551,42.0,0.0107142
548,1576243524754,2019-12-13 13:25:24.754,9878314,0.00025504,44.0,0.01122176
549,1576243524754,2019-12-13 13:25:24.754,9878315,0.00025503,790.0,0.2014737
550,1576243524754,2019-12-13 13:25:24.754,9878316,0.00025503,184.0,0.04692552
551,1576243524754,2019-12-13 13:25:24.754,9878317,0.00025501,450.0,0.1147545
552,1576243524754,2019-12-13 13:25:24.754,9878318,0.000255,1000.0,0.255
553,1576243524754,2019-12-13 13:25:24.754,9878319,0.000255,50.0,0.01275
554,1576243524754,2019-12-13 13:25:24.754,9878320,0.000255,50.0,0.01275
555,1576243524754,2019-12-13 13:25:24.754,9878321,0.00025498,12744.0,3.24946512
556,1576243540599,2019-12-13 13:25:40.599,9878322,0.00025587,11.0,0.00281457
557,1576243556096,2019-12-13 13:25:56.096,9878323,0.00025501,500.0,0.127505
558,1576243556173,2019-12-13 13:25:56.173,9878324,0.00025497,79.0,0.02014263
559,1576243556325,2019-12-13 13:25:56.325,9878325,0.0002549,50.0,0.012745
560,1576243556325,2019-12-13 13:25:56.325,9878326,0.0002549,50.0,0.012745
561,1576243556522,2019-12-13 13:25:56.522,9878327,0.00025489,227.0,0.05786003
562,1576243556626,2019-12-13 13:25:56.626,9878328,0.00025489,357.0,0.09099573
563,1576243556995,2019-12-13 13:25:56.995,9878329,0.00025497,14.0,0.00356958
564,1576243557523,2019-12-13 13:25:57.523,9878330,0.00025497,207.0,0.05277879
565,1576243565505,2019-12-13 13:26:05.505,9878331,0.00025542,40.0,0.0102168
566,1576243572635,2019-12-13 13:26:12.635,9878332,0.00025533,392.0,0.10008936
567,1576243591249,2019-12-13 13:26:31.249,9878333,0.00025484,511.0,0.13022324
568,1576243591249,2019-12-13 13:26:31.249,9878334,0.00025484,1295.0,0.3300178
569,1576243626028,2019-12-13 13:27:06.028,9878335,0.00025512,14169.0,3.61479528
570,1576243644722,2019-12-13 13:27:24.722,9878336,0.00025517,5587.0,1.42563479
571,1576243645654,2019-12-13 13:27:25.654,9878337,0.00025517,5587.0,1.42563479
572,1576243669524,2019-12-13 13:27:49.524,9878338,0.00025549,500.0,0.127745
573,1576243669524,2019-12-13 13:27:49.524,9878339,0.00025589,9615.0,2.46038235
574,1576243964175,2019-12-13 13:32:44.175,9878340,0.00025568,450.0,0.115056
575,1576244016178,2019-12-13 13:33:36.178,9878341,0.00025597,11984.0,3.06754448
576,1576244016178,2019-12-13 13:33:36.178,9878342,0.00025598,16966.0,4.34295668
577,1576244093694,2019-12-13 13:34:53.694,9878343,0.00025574,450.0,0.115083
578,1576244351112,2019-12-13 13:39:11.112,9878344,0.00025574,7918.0,2.02494932
579,1576244398424,2019-12-13 13:39:58.424,9878345,0.00025566,207.0,0.05292162
580,1576244398500,2019-12-13 13:39:58.500,9878346,0.00025566,243.0,0.06212538
581,1576244398500,2019-12-13 13:39:58.500,9878347,0.00025565,781.0,0.19966265
582,1576244398902,2019-12-13 13:39:58.902,9878348,0.00025551,450.0,0.1149795
583,1576244526229,2019-12-13 13:42:06.229,9878349,0.00025531,300.0,0.076593
584,1576244526618,2019-12-13 13:42:06.618,9878350,0.00025528,195.0,0.0497796
585,1576244535086,2019-12-13 13:42:15.086,9878351,0.00025502,300.0,0.076506
586,1576244535093,2019-12-13 13:42:15.093,9878352,0.00025501,300.0,0.076503
587,1576244535140,2019-12-13 13:42:15.140,9878353,0.00025501,200.0,0.051002
588,1576244535140,2019-12-13 13:42:15.140,9878354,0.00025484,5468.0,1.39346512
589,1576244535140,2019-12-13 13:42:15.140,9878355,0.00025481,255.0,0.06497655
590,1576244540928,2019-12-13 13:42:20.928,9878356,0.0002548,467.0,0.1189916
591,1576244540928,2019-12-13 13:42:20.928,9878357,0.0002548,50.0,0.01274
592,1576244540928,2019-12-13 13:42:20.928,9878358,0.0002548,50.0,0.01274
593,1576244540928,2019-12-13 13:42:20.928,9878359,0.0002547,50.0,0.012735
594,1576244540928,2019-12-13 13:42:20.928,9878360,0.0002547,50.0,0.012735
595,1576244540928,2019-12-13 13:42:20.928,9878361,0.00025462,1759.0,0.44787658
596,1576244633476,2019-12-13 13:43:53.476,9878362,0.0002546,50.0,0.01273
597,1576244633476,2019-12-13 13:43:53.476,9878363,0.0002546,50.0,0.01273
598,1576244633476,2019-12-13 13:43:53.476,9878364,0.0002546,196.0,0.0499016
599,1576244636018,2019-12-13 13:43:56.018,9878365,0.00025457,533.0,0.13568581
600,1576244751816,2019-12-13 13:45:51.816,9878366,0.0002549,450.0,0.114705
601,1576244751859,2019-12-13 13:45:51.859,9878367,0.00025499,500.0,0.127495
602,1576244759123,2019-12-13 13:45:59.123,9878368,0.00025541,13.0,0.00332033
603,1576244775314,2019-12-13 13:46:15.314,9878369,0.00025541,75.0,0.01915575
604,1576244778410,2019-12-13 13:46:18.410,9878370,0.00025541,212.0,0.05414692
605,1576244778410,2019-12-13 13:46:18.410,9878371,0.00025549,500.0,0.127745
606,1576244778410,2019-12-13 13:46:18.410,9878372,0.00025577,13411.0,3.43013147
607,1576244923652,2019-12-13 13:48:43.652,9878373,0.00025558,75.0,0.0191685
608,1576244924154,2019-12-13 13:48:44.154,9878374,0.00025558,225.0,0.0575055
609,1576244925261,2019-12-13 13:48:45.261,9878375,0.00025552,275.0,0.070268
610,1576244926835,2019-12-13 13:48:46.835,9878376,0.00025552,507.0,0.12954864
611,1576244926835,2019-12-13 13:48:46.835,9878377,0.00025552,782.0,0.19981664
612,1576244926835,2019-12-13 13:48:46.835,9878378,0.00025551,1564.0,0.39961764
613,1576244926835,2019-12-13 13:48:46.835,9878379,0.00025551,500.0,0.127755
614,1576244926835,2019-12-13 13:48:46.835,9878380,0.00025549,1564.0,0.39958636
615,1576244926835,2019-12-13 13:48:46.835,9878381,0.00025544,782.0,0.19975408
616,1576244926835,2019-12-13 13:48:46.835,9878382,0.00025544,782.0,0.19975408
617,1576244949551,2019-12-13 13:49:09.551,9878383,0.00025532,782.0,0.19966024
618,1576245124749,2019-12-13 13:52:04.749,9878384,0.00025532,3049.0,0.77847068
619,1576245473481,2019-12-13 13:57:53.481,9878385,0.00025549,500.0,0.127745
620,1576245750735,2019-12-13 14:02:30.735,9878386,0.00025521,2079.0,0.53058159
621,1576245750825,2019-12-13 14:02:30.825,9878387,0.00025521,2079.0,0.53058159
622,1576245750930,2019-12-13 14:02:30.930,9878388,0.00025521,2079.0,0.53058159
623,1576245751045,2019-12-13 14:02:31.045,9878389,0.00025521,1396.0,0.35627316
624,1576245809240,2019-12-13 14:03:29.240,9878390,0.00025549,500.0,0.127745
625,1576245811347,2019-12-13 14:03:31.347,9878391,0.00025571,782.0,0.19996522
626,1576245811347,2019-12-13 14:03:31.347,9878392,0.00025571,782.0,0.19996522
627,1576245811347,2019-12-13 14:03:31.347,9878393,0.00025577,3100.0,0.792887
628,1576245816041,2019-12-13 14:03:36.041,9878394,0.00025578,14119.0,3.61135782
629,1576245816043,2019-12-13 14:03:36.043,9878395,0.00025578,19326.0,4.94320428
630,1576245816043,2019-12-13 14:03:36.043,9878396,0.00025585,782.0,0.2000747
631,1576245816043,2019-12-13 14:03:36.043,9878397,0.0002559,15557.0,3.9810363
632,1576245816115,2019-12-13 14:03:36.115,9878398,0.0002559,4664.0,1.1935176
633,1576245816125,2019-12-13 14:03:36.125,9878399,0.0002559,9406.0,2.4069954
634,1576245819203,2019-12-13 14:03:39.203,9878400,0.00025591,1963.0,0.50235133
635,1576245819611,2019-12-13 14:03:39.611,9878401,0.00025591,19567.0,5.00739097
636,1576245819761,2019-12-13 14:03:39.761,9878402,0.00025591,11936.0,3.05454176
637,1576245819859,2019-12-13 14:03:39.859,9878403,0.00025591,5659.0,1.44819469
638,1576245823958,2019-12-13 14:03:43.958,9878404,0.00025591,386.0,0.09878126
639,1576245832261,2019-12-13 14:03:52.261,9878405,0.00025587,76.0,0.01944612
640,1576245954027,2019-12-13 14:05:54.027,9878406,0.0002559,10376.0,2.6552184
641,1576246453600,2019-12-13 14:14:13.600,9878407,0.00025591,3040.0,0.7779664
642,1576246461227,2019-12-13 14:14:21.227,9878408,0.00025599,78.0,0.01996722
643,1576246465570,2019-12-13 14:14:25.570,9878409,0.00025599,422.0,0.10802778
644,1576246618088,2019-12-13 14:16:58.088,9878410,0.00025599,12314.0,3.15226086
645,1576246618189,2019-12-13 14:16:58.189,9878411,0.00025599,4916.0,1.25844684
646,1576246656027,2019-12-13 14:17:36.027,9878412,0.00025618,781.0,0.20007658
647,1576246656027,2019-12-13 14:17:36.027,9878413,0.00025618,782.0,0.20033276
648,1576246702169,2019-12-13 14:18:22.169,9878414,0.00025627,107.0,0.02742089
649,1576246749159,2019-12-13 14:19:09.159,9878415,0.00025627,3.0,0.00076881
650,1576246749634,2019-12-13 14:19:09.634,9878416,0.0002563,782.0,0.2004266
651,1576246803439,2019-12-13 14:20:03.439,9878417,0.00025634,255.0,0.0653667
652,1576246803546,2019-12-13 14:20:03.546,9878418,0.00025636,1000.0,0.25636
653,1576246803648,2019-12-13 14:20:03.648,9878419,0.00025637,2342.0,0.60041854
654,1576246912918,2019-12-13 14:21:52.918,9878420,0.00025634,6745.0,1.7290133
655,1576247010694,2019-12-13 14:23:30.694,9878421,0.00025626,223.0,0.05714598
656,1576247048818,2019-12-13 14:24:08.818,9878422,0.00025601,432.0,0.11059632
657,1576247048825,2019-12-13 14:24:08.825,9878423,0.00025601,68.0,0.01740868
658,1576247048825,2019-12-13 14:24:08.825,9878424,0.00025601,792.0,0.20275992
659,1576248226968,2019-12-13 14:43:46.968,9878425,0.00025576,22445.0,5.7405332
660,1576248315279,2019-12-13 14:45:15.279,9878426,0.00025569,450.0,0.1150605
661,1576248768026,2019-12-13 14:52:48.026,9878427,0.00025599,500.0,0.127995
662,1576248768245,2019-12-13 14:52:48.245,9878428,0.00025605,6280.0,1.607994
663,1576248842768,2019-12-13 14:54:02.768,9878429,0.00025605,3745.0,0.95890725
664,1576248844675,2019-12-13 14:54:04.675,9878430,0.00025605,2464.0,0.6309072
665,1576248878569,2019-12-13 14:54:38.569,9878431,0.00025605,9435.0,2.41583175
666,1576248878680,2019-12-13 14:54:38.680,9878432,0.00025605,3251.0,0.83241855
667,1576248976605,2019-12-13 14:56:16.605,9878433,0.0002558,208.0,0.0532064
668,1576249235661,2019-12-13 15:00:35.661,9878434,0.00025605,3443.0,0.88158015
669,1576249272075,2019-12-13 15:01:12.075,9878435,0.00025605,131.0,0.03354255
670,1576249279536,2019-12-13 15:01:19.536,9878436,0.00025605,1261.0,0.32287905
671,1576249288568,2019-12-13 15:01:28.568,9878437,0.00025605,12252.0,3.1371246
672,1576249289390,2019-12-13 15:01:29.390,9878438,0.00025605,1960.0,0.501858
673,1576249293798,2019-12-13 15:01:33.798,9878439,0.00025609,1527.0,0.39104943
674,1576249307886,2019-12-13 15:01:47.886,9878440,0.00025609,15250.0,3.9053725
675,1576249457228,2019-12-13 15:04:17.228,9878441,0.00025596,781.0,0.19990476
676,1576249457228,2019-12-13 15:04:17.228,9878442,0.00025596,781.0,0.19990476
677,1576249789013,2019-12-13 15:09:49.013,9878443,0.00025609,851.0,0.21793259
678,1576249789386,2019-12-13 15:09:49.386,9878444,0.00025609,1000.0,0.25609
679,1576249972918,2019-12-13 15:12:52.918,9878445,0.00025588,450.0,0.115146
680,1576249972918,2019-12-13 15:12:52.918,9878446,0.00025585,3437.0,0.87935645
681,1576249973260,2019-12-13 15:12:53.260,9878447,0.00025608,300.0,0.076824
682,1576249973260,2019-12-13 15:12:53.260,9878448,0.00025609,1163.0,0.29783267
683,1576249988964,2019-12-13 15:13:08.964,9878449,0.00025609,5346.0,1.36905714
684,1576249989608,2019-12-13 15:13:09.608,9878450,0.00025609,23053.0,5.90364277
685,1576250267341,2019-12-13 15:17:47.341,9878451,0.00025609,3983.0,1.02000647
686,1576250382921,2019-12-13 15:19:42.921,9878452,0.00025609,48.0,0.01229232
687,1576250410531,2019-12-13 15:20:10.531,9878453,0.00025609,252.0,0.06453468
688,1576250411870,2019-12-13 15:20:11.870,9878454,0.00025601,500.0,0.128005
689,1576250643858,2019-12-13 15:24:03.858,9878455,0.00025624,369.0,0.09455256
690,1576250643958,2019-12-13 15:24:03.958,9878456,0.00025624,369.0,0.09455256
691,1576250678149,2019-12-13 15:24:38.149,9878457,0.00025624,369.0,0.09455256
692,1576250678249,2019-12-13 15:24:38.249,9878458,0.00025624,369.0,0.09455256
693,1576250678356,2019-12-13 15:24:38.356,9878459,0.00025624,369.0,0.09455256
694,1576250739614,2019-12-13 15:25:39.614,9878460,0.00025624,92.0,0.02357408
695,1576250770080,2019-12-13 15:26:10.080,9878461,0.00025624,208.0,0.05329792
696,1576250770080,2019-12-13 15:26:10.080,9878462,0.00025624,5792.0,1.48414208
697,1576250815013,2019-12-13 15:26:55.013,9878463,0.00025624,499.0,0.12786376
698,1576250867953,2019-12-13 15:27:47.953,9878464,0.00025624,19514.0,5.00026736
699,1576250880140,2019-12-13 15:28:00.140,9878465,0.00025624,11965.0,3.0659116
700,1576250881035,2019-12-13 15:28:01.035,9878466,0.00025624,1255.0,0.3215812
701,1576251475574,2019-12-13 15:37:55.574,9878467,0.00025607,450.0,0.1152315
702,1576251485566,2019-12-13 15:38:05.566,9878468,0.00025601,500.0,0.128005
703,1576251688228,2019-12-13 15:41:28.228,9878469,0.00025624,1595.0,0.4087028
704,1576251690664,2019-12-13 15:41:30.664,9878470,0.00025619,300.0,0.076857
705,1576251758539,2019-12-13 15:42:38.539,9878471,0.00025624,6398.0,1.63942352
706,1576251848130,2019-12-13 15:44:08.130,9878472,0.00025648,2855.0,0.7322504
707,1576252126669,2019-12-13 15:48:46.669,9878473,0.00025649,376.0,0.09644024
708,1576252166346,2019-12-13 15:49:26.346,9878474,0.00025648,6244.0,1.60146112
709,1576252242373,2019-12-13 15:50:42.373,9878475,0.00025648,1762.0,0.45191776
710,1576252242373,2019-12-13 15:50:42.373,9878476,0.00025648,1053.0,0.27007344
711,1576252348051,2019-12-13 15:52:28.051,9878477,0.00025648,1056.0,0.27084288
712,1576252348051,2019-12-13 15:52:28.051,9878478,0.00025649,124.0,0.03180476
713,1576252348051,2019-12-13 15:52:28.051,9878479,0.00025652,2341.0,0.60051332
714,1576252348051,2019-12-13 15:52:28.051,9878480,0.00025659,184.0,0.04721256
715,1576252348051,2019-12-13 15:52:28.051,9878481,0.00025662,44.0,0.01129128
716,1576252348051,2019-12-13 15:52:28.051,9878482,0.00025662,781.0,0.20042022
717,1576252348051,2019-12-13 15:52:28.051,9878483,0.00025666,470.0,0.1206302
718,1576252350675,2019-12-13 15:52:30.675,9878484,0.00025666,320.0,0.0821312
719,1576252355792,2019-12-13 15:52:35.792,9878485,0.00025675,776.0,0.199238
720,1576252359635,2019-12-13 15:52:39.635,9878486,0.00025675,5.0,0.00128375
721,1576252359635,2019-12-13 15:52:39.635,9878487,0.00025677,43.0,0.01104111
722,1576252359635,2019-12-13 15:52:39.635,9878488,0.00025677,528.0,0.13557456
723,1576252396290,2019-12-13 15:53:16.290,9878489,0.00025675,320.0,0.08216
724,1576252401459,2019-12-13 15:53:21.459,9878490,0.00025646,1558.0,0.39956468
725,1576252417677,2019-12-13 15:53:37.677,9878491,0.00025641,779.0,0.19974339
726,1576252422129,2019-12-13 15:53:42.129,9878492,0.00025675,255.0,0.06547125
727,1576252466893,2019-12-13 15:54:26.893,9878493,0.00025631,779.0,0.19966549
728,1576252810770,2019-12-13 16:00:10.770,9878494,0.00025658,670.0,0.1719086
729,1576252824748,2019-12-13 16:00:24.748,9878495,0.00025658,13.0,0.00333554
730,1576252844077,2019-12-13 16:00:44.077,9878496,0.00025658,96.0,0.02463168
731,1576252844077,2019-12-13 16:00:44.077,9878497,0.0002567,222.0,0.0569874
732,1576252844077,2019-12-13 16:00:44.077,9878498,0.00025677,5.0,0.00128385
733,1576252844077,2019-12-13 16:00:44.077,9878499,0.00025681,779.0,0.20005499
734,1576252917140,2019-12-13 16:01:57.140,9878500,0.00025636,450.0,0.115362
735,1576252934376,2019-12-13 16:02:14.376,9878501,0.00025636,222.0,0.05691192
736,1576252963956,2019-12-13 16:02:43.956,9878502,0.00025607,585.0,0.14980095
737,1576252963956,2019-12-13 16:02:43.956,9878503,0.00025601,500.0,0.128005
738,1576252963974,2019-12-13 16:02:43.974,9878504,0.0002558,573.0,0.1465734
739,1576252994343,2019-12-13 16:03:14.343,9878505,0.00025585,781.0,0.19981885
740,1576253100132,2019-12-13 16:05:00.132,9878506,0.00025589,781.0,0.19985009
741,1576253100132,2019-12-13 16:05:00.132,9878507,0.00025588,707.0,0.18090716
742,1576253101906,2019-12-13 16:05:01.906,9878508,0.00025588,855.0,0.2187774
743,1576253101906,2019-12-13 16:05:01.906,9878509,0.00025588,1562.0,0.39968456
744,1576253105065,2019-12-13 16:05:05.065,9878510,0.00025577,781.0,0.19975637
745,1576253112013,2019-12-13 16:05:12.013,9878511,0.00025554,300.0,0.076662
746,1576253112013,2019-12-13 16:05:12.013,9878512,0.00025553,600.0,0.153318
747,1576253112013,2019-12-13 16:05:12.013,9878513,0.00025551,500.0,0.127755
748,1576253125030,2019-12-13 16:05:25.030,9878514,0.00025548,2148.0,0.54877104
749,1576253545371,2019-12-13 16:12:25.371,9878515,0.00025585,12408.0,3.1745868
750,1576253545371,2019-12-13 16:12:25.371,9878516,0.00025587,1679.0,0.42960573
751,1576253570616,2019-12-13 16:12:50.616,9878517,0.00025587,10295.0,2.63418165
752,1576253574724,2019-12-13 16:12:54.724,9878518,0.00025598,14.0,0.00358372
753,1576253584098,2019-12-13 16:13:04.098,9878519,0.00025598,436.0,0.11160728
754,1576253584098,2019-12-13 16:13:04.098,9878520,0.00025599,500.0,0.127995
755,1576253584098,2019-12-13 16:13:04.098,9878521,0.00025612,530.0,0.1357436
756,1576253623737,2019-12-13 16:13:43.737,9878522,0.00025612,251.0,0.06428612
757,1576253625595,2019-12-13 16:13:45.595,9878523,0.00025616,781.0,0.20006096
758,1576253629479,2019-12-13 16:13:49.479,9878524,0.00025638,14.0,0.00358932
759,1576253728485,2019-12-13 16:15:28.485,9878525,0.00025605,780.0,0.199719
760,1576253876079,2019-12-13 16:17:56.079,9878526,0.00025598,780.0,0.1996644
761,1576253884071,2019-12-13 16:18:04.071,9878527,0.00025584,781.0,0.19981104
762,1576254001696,2019-12-13 16:20:01.696,9878528,0.00025635,450.0,0.1153575
763,1576254001804,2019-12-13 16:20:01.804,9878529,0.00025637,781.0,0.20022497
764,1576254227639,2019-12-13 16:23:47.639,9878530,0.0002561,300.0,0.07683
765,1576254230463,2019-12-13 16:23:50.463,9878531,0.00025609,780.0,0.1997502
766,1576254234476,2019-12-13 16:23:54.476,9878532,0.00025604,780.0,0.1997112
767,1576254234675,2019-12-13 16:23:54.675,9878533,0.00025601,500.0,0.128005
768,1576254657879,2019-12-13 16:30:57.879,9878534,0.00025567,479.0,0.12246593
769,1576254898306,2019-12-13 16:34:58.306,9878535,0.00025625,450.0,0.1153125
770,1576254915477,2019-12-13 16:35:15.477,9878536,0.00025633,781.0,0.20019373
771,1576254917419,2019-12-13 16:35:17.419,9878537,0.00025638,58.0,0.01487004
772,1576254917419,2019-12-13 16:35:17.419,9878538,0.00025644,780.0,0.2000232
773,1576254917419,2019-12-13 16:35:17.419,9878539,0.00025649,500.0,0.128245
774,1576254917566,2019-12-13 16:35:17.566,9878540,0.00025649,223.0,0.05719727
775,1576254920507,2019-12-13 16:35:20.507,9878541,0.00025662,780.0,0.2001636
776,1576254938189,2019-12-13 16:35:38.189,9878542,0.00025675,222.0,0.0569985
777,1576254944506,2019-12-13 16:35:44.506,9878543,0.00025677,780.0,0.2002806
778,1576254944612,2019-12-13 16:35:44.612,9878544,0.00025679,2339.0,0.60063181
779,1576254955343,2019-12-13 16:35:55.343,9878545,0.00025681,2339.0,0.60067859
780,1576254955343,2019-12-13 16:35:55.343,9878546,0.00025681,781.0,0.20056861
781,1576254957602,2019-12-13 16:35:57.602,9878547,0.00025681,300.0,0.077043
782,1576255170987,2019-12-13 16:39:30.987,9878548,0.00025696,210.0,0.0539616
783,1576255171038,2019-12-13 16:39:31.038,9878549,0.000257,2446.0,0.628622
784,1576255171069,2019-12-13 16:39:31.069,9878550,0.000257,13618.0,3.499826
785,1576255171120,2019-12-13 16:39:31.120,9878551,0.000257,6955.0,1.787435
786,1576255171176,2019-12-13 16:39:31.176,9878552,0.000257,2086.0,0.536102
787,1576255171221,2019-12-13 16:39:31.221,9878553,0.000257,626.0,0.160882
788,1576255171270,2019-12-13 16:39:31.270,9878554,0.000257,194.0,0.049858
789,1576255171402,2019-12-13 16:39:31.402,9878555,0.000257,75.0,0.019275
790,1576255171435,2019-12-13 16:39:31.435,9878556,0.00025707,420.0,0.1079694
791,1576255171500,2019-12-13 16:39:31.500,9878557,0.00025707,180.0,0.0462726
792,1576255171604,2019-12-13 16:39:31.604,9878558,0.00025709,780.0,0.2005302
793,1576255171709,2019-12-13 16:39:31.709,9878559,0.0002572,262.0,0.0673864
794,1576255171815,2019-12-13 16:39:31.815,9878560,0.00025721,110.0,0.0282931
795,1576255171936,2019-12-13 16:39:31.936,9878561,0.00025722,16826.0,4.32798372
796,1576255172028,2019-12-13 16:39:32.028,9878562,0.00025722,723.0,0.18597006
797,1576255172128,2019-12-13 16:39:32.128,9878563,0.00025722,703.0,0.18082566
798,1576255172219,2019-12-13 16:39:32.219,9878564,0.00025722,1232.0,0.31689504
799,1576255172331,2019-12-13 16:39:32.331,9878565,0.00025722,10322.0,2.65502484
800,1576255437454,2019-12-13 16:43:57.454,9878566,0.0002568,450.0,0.11556
801,1576255447562,2019-12-13 16:44:07.562,9878567,0.00025673,600.0,0.154038
802,1576255701659,2019-12-13 16:48:21.659,9878568,0.00025666,450.0,0.115497
803,1576255739083,2019-12-13 16:48:59.083,9878569,0.00025654,450.0,0.115443
804,1576255739083,2019-12-13 16:48:59.083,9878570,0.00025654,50.0,0.012827
805,1576255833981,2019-12-13 16:50:33.981,9878571,0.00025651,500.0,0.128255
806,1576255845766,2019-12-13 16:50:45.766,9878572,0.00025638,300.0,0.076914
807,1576256120577,2019-12-13 16:55:20.577,9878573,0.00025631,450.0,0.1153395
808,1576256653366,2019-12-13 17:04:13.366,9878574,0.00025639,1009.0,0.25869751
809,1576256713741,2019-12-13 17:05:13.741,9878575,0.00025665,389.0,0.09983685
810,1576256713833,2019-12-13 17:05:13.833,9878576,0.00025665,368.0,0.0944472
811,1576256725304,2019-12-13 17:05:25.304,9878577,0.00025665,21.0,0.00538965
812,1576256725304,2019-12-13 17:05:25.304,9878578,0.00025665,778.0,0.1996737
813,1576256757673,2019-12-13 17:05:57.673,9878579,0.00025699,500.0,0.128495
814,1576256794608,2019-12-13 17:06:34.608,9878580,0.00025705,778.0,0.1999849
815,1576256925823,2019-12-13 17:08:45.823,9878581,0.00025679,778.0,0.19978262
816,1576256957205,2019-12-13 17:09:17.205,9878582,0.00025676,778.0,0.19975928
817,1576257238633,2019-12-13 17:13:58.633,9878583,0.00025658,450.0,0.115461
818,1576257238729,2019-12-13 17:13:58.729,9878584,0.00025651,500.0,0.128255
819,1576257473277,2019-12-13 17:17:53.277,9878585,0.00025633,300.0,0.076899
820,1576257491195,2019-12-13 17:18:11.195,9878586,0.0002563,811.0,0.2078593
821,1576257499232,2019-12-13 17:18:19.232,9878587,0.0002563,214.0,0.0548482
822,1576257579240,2019-12-13 17:19:39.240,9878588,0.00025627,110.0,0.0281897
823,1576257653825,2019-12-13 17:20:53.825,9878589,0.00025601,500.0,0.128005
824,1576257929699,2019-12-13 17:25:29.699,9878590,0.00025623,450.0,0.1153035
825,1576257939839,2019-12-13 17:25:39.839,9878591,0.00025649,500.0,0.128245
826,1576257977710,2019-12-13 17:26:17.710,9878592,0.00025695,300.0,0.077085
827,1576257977710,2019-12-13 17:26:17.710,9878593,0.00025697,13252.0,3.40536644
828,1576258231282,2019-12-13 17:30:31.282,9878594,0.00025664,778.0,0.19966592
829,1576258231282,2019-12-13 17:30:31.282,9878595,0.00025664,778.0,0.19966592
830,1576258299105,2019-12-13 17:31:39.105,9878596,0.00025651,500.0,0.128255
831,1576258477118,2019-12-13 17:34:37.118,9878597,0.00025678,1205.0,0.3094199
832,1576258512104,2019-12-13 17:35:12.104,9878598,0.00025642,779.0,0.19975118
833,1576258512104,2019-12-13 17:35:12.104,9878599,0.00025642,779.0,0.19975118
834,1576258642617,2019-12-13 17:37:22.617,9878600,0.00025635,779.0,0.19969665
835,1576258700285,2019-12-13 17:38:20.285,9878601,0.00025662,779.0,0.19990698
836,1576258773338,2019-12-13 17:39:33.338,9878602,0.00025682,779.0,0.20006278
837,1576258773338,2019-12-13 17:39:33.338,9878603,0.00025682,184.0,0.04725488
838,1576258907892,2019-12-13 17:41:47.892,9878604,0.00025646,779.0,0.19978234
839,1576259794473,2019-12-13 17:56:34.473,9878605,0.00025645,777.0,0.19926165
840,1576259798063,2019-12-13 17:56:38.063,9878606,0.00025645,777.0,0.19926165
841,1576259801654,2019-12-13 17:56:41.654,9878607,0.00025645,777.0,0.19926165
842,1576259805203,2019-12-13 17:56:45.203,9878608,0.00025645,777.0,0.19926165
843,1576259808749,2019-12-13 17:56:48.749,9878609,0.00025645,777.0,0.19926165
844,1576260432058,2019-12-13 18:07:12.058,9878610,0.00025605,23088.0,5.9116824
845,1576260432058,2019-12-13 18:07:12.058,9878611,0.00025604,3902.0,0.99906808
846,1576260432058,2019-12-13 18:07:12.058,9878612,0.00025603,2367.0,0.60602301
847,1576260432058,2019-12-13 18:07:12.058,9878613,0.00025601,500.0,0.128005
848,1576260432058,2019-12-13 18:07:12.058,9878614,0.00025601,5500.0,1.408055
849,1576260432058,2019-12-13 18:07:12.058,9878615,0.00025591,19478.0,4.98461498
850,1576260432058,2019-12-13 18:07:12.058,9878616,0.00025589,7100.0,1.816819
851,1576260432058,2019-12-13 18:07:12.058,9878617,0.00025589,4638.0,1.18681782
852,1576260432058,2019-12-13 18:07:12.058,9878618,0.00025588,39177.0,10.02461076
853,1576260432058,2019-12-13 18:07:12.058,9878619,0.00025586,9276.0,2.37335736
854,1576260432058,2019-12-13 18:07:12.058,9878620,0.00025581,3077.0,0.78712737
855,1576260432058,2019-12-13 18:07:12.058,9878621,0.00025564,14034.0,3.58765176
856,1576260432058,2019-12-13 18:07:12.058,9878622,0.00025551,500.0,0.127755
857,1576260432058,2019-12-13 18:07:12.058,9878623,0.0002554,28070.0,7.169078
858,1576260432058,2019-12-13 18:07:12.058,9878624,0.00025533,110.0,0.0280863
859,1576260432058,2019-12-13 18:07:12.058,9878625,0.0002553,262.0,0.0668886
860,1576260432058,2019-12-13 18:07:12.058,9878626,0.00025521,683.0,0.17430843
861,1576260432058,2019-12-13 18:07:12.058,9878627,0.00025521,2079.0,0.53058159
862,1576260432058,2019-12-13 18:07:12.058,9878628,0.00025521,545.0,0.13908945
863,1576260432058,2019-12-13 18:07:12.058,9878629,0.00025518,43.0,0.01097274
864,1576260432058,2019-12-13 18:07:12.058,9878630,0.00025504,44.0,0.01122176
865,1576260432058,2019-12-13 18:07:12.058,9878631,0.00025503,184.0,0.04692552
866,1576260432058,2019-12-13 18:07:12.058,9878632,0.00025503,790.0,0.2014737
867,1576260432058,2019-12-13 18:07:12.058,9878633,0.00025501,500.0,0.127505
868,1576260432058,2019-12-13 18:07:12.058,9878634,0.000255,1000.0,0.255
869,1576260432058,2019-12-13 18:07:12.058,9878635,0.00025499,52.0,0.01325948
870,1576260432058,2019-12-13 18:07:12.058,9878636,0.00025491,9001.0,2.29444491
871,1576260440832,2019-12-13 18:07:20.832,9878637,0.00025625,113.0,0.02895625
872,1576260510811,2019-12-13 18:08:30.811,9878638,0.00025626,11.0,0.00281886
873,1576260627034,2019-12-13 18:10:27.034,9878639,0.00025625,12.0,0.003075
874,1576260949214,2019-12-13 18:15:49.214,9878640,0.00025627,40.0,0.0102508
875,1576260954183,2019-12-13 18:15:54.183,9878641,0.00025627,11.0,0.00281897
876,1576260958973,2019-12-13 18:15:58.973,9878642,0.00025625,4283.0,1.09751875
877,1576260959917,2019-12-13 18:15:59.917,9878643,0.00025625,2379.0,0.60961875
878,1576260962983,2019-12-13 18:16:02.983,9878644,0.00025625,1142.0,0.2926375
879,1576261227578,2019-12-13 18:20:27.578,9878645,0.00025606,300.0,0.076818
880,1576261358755,2019-12-13 18:22:38.755,9878646,0.00025615,450.0,0.1152675
881,1576261534839,2019-12-13 18:25:34.839,9878647,0.00025604,300.0,0.076812
882,1576261535158,2019-12-13 18:25:35.158,9878648,0.00025601,500.0,0.128005
883,1576261535158,2019-12-13 18:25:35.158,9878649,0.00025601,614.0,0.15719014
884,1576261544019,2019-12-13 18:25:44.019,9878650,0.00025601,166.0,0.04249766
885,1576261544019,2019-12-13 18:25:44.019,9878651,0.000256,309.0,0.079104
886,1576261663098,2019-12-13 18:27:43.098,9878652,0.000256,471.0,0.120576
887,1576261663098,2019-12-13 18:27:43.098,9878653,0.000256,780.0,0.19968
888,1576262108966,2019-12-13 18:35:08.966,9878654,0.00025582,300.0,0.076746
889,1576262109079,2019-12-13 18:35:09.079,9878655,0.0002558,1562.0,0.3995596
890,1576262109079,2019-12-13 18:35:09.079,9878656,0.0002558,1562.0,0.3995596
891,1576262152024,2019-12-13 18:35:52.024,9878657,0.00025596,12.0,0.00307152
892,1576262189409,2019-12-13 18:36:29.409,9878658,0.0002557,781.0,0.1997017
893,1576262301182,2019-12-13 18:38:21.182,9878659,0.00025569,370.0,0.0946053
894,1576262588230,2019-12-13 18:43:08.230,9878660,0.00025599,13.0,0.00332787
895,1576262691387,2019-12-13 18:44:51.387,9878661,0.00025599,169.0,0.04326231
896,1576262693777,2019-12-13 18:44:53.777,9878662,0.00025599,318.0,0.08140482
897,1576262693884,2019-12-13 18:44:53.884,9878663,0.000256,459.0,0.117504
898,1576263112359,2019-12-13 18:51:52.359,9878664,0.00025625,450.0,0.1153125
899,1576263112359,2019-12-13 18:51:52.359,9878665,0.00025626,3947.0,1.01145822
900,1576263192915,2019-12-13 18:53:12.915,9878666,0.0002561,14.0,0.0035854
901,1576263221940,2019-12-13 18:53:41.940,9878667,0.00025569,411.0,0.10508859
902,1576263235961,2019-12-13 18:53:55.961,9878668,0.00025601,1903.0,0.48718703
903,1576263249730,2019-12-13 18:54:09.730,9878669,0.00025596,781.0,0.19990476
904,1576263454034,2019-12-13 18:57:34.034,9878670,0.00025601,1903.0,0.48718703
905,1576263454150,2019-12-13 18:57:34.150,9878671,0.00025601,1903.0,0.48718703
906,1576263454253,2019-12-13 18:57:34.253,9878672,0.00025601,1380.0,0.3532938
907,1576263467421,2019-12-13 18:57:47.421,9878673,0.00025601,523.0,0.13389323
908,1576263471301,2019-12-13 18:57:51.301,9878674,0.00025601,1903.0,0.48718703
909,1576263477504,2019-12-13 18:57:57.504,9878675,0.00025601,499.0,0.12774899
910,1576263541100,2019-12-13 18:59:01.100,9878676,0.00025624,450.0,0.115308
911,1576263546195,2019-12-13 18:59:06.195,9878677,0.00025627,59.0,0.01511993
912,1576263546195,2019-12-13 18:59:06.195,9878678,0.00025628,780.0,0.1998984
913,1576263546195,2019-12-13 18:59:06.195,9878679,0.00025636,148.0,0.03794128
914,1576264040634,2019-12-13 19:07:20.634,9878680,0.00025636,852.0,0.21841872
915,1576264040634,2019-12-13 19:07:20.634,9878681,0.00025636,781.0,0.20021716
916,1576264124453,2019-12-13 19:08:44.453,9878682,0.00025649,500.0,0.128245
917,1576264436173,2019-12-13 19:13:56.173,9878683,0.0002563,779.0,0.1996577
918,1576264514213,2019-12-13 19:15:14.213,9878684,0.00025647,12.0,0.00307764
919,1576264706048,2019-12-13 19:18:26.048,9878685,0.00025649,500.0,0.128245
920,1576264706048,2019-12-13 19:18:26.048,9878686,0.00025659,184.0,0.04721256
921,1576264706048,2019-12-13 19:18:26.048,9878687,0.00025661,1823.0,0.46780003
922,1576264755210,2019-12-13 19:19:15.210,9878688,0.0002562,227.0,0.0581574
923,1576265101738,2019-12-13 19:25:01.738,9878689,0.00025662,40.0,0.0102648
924,1576265343296,2019-12-13 19:29:03.296,9878690,0.00025662,4.0,0.00102648
925,1576265343296,2019-12-13 19:29:03.296,9878691,0.00025666,790.0,0.2027614
926,1576265343296,2019-12-13 19:29:03.296,9878692,0.00025666,780.0,0.2001948
927,1576265343296,2019-12-13 19:29:03.296,9878693,0.0002567,779.0,0.1999693
928,1576265343296,2019-12-13 19:29:03.296,9878694,0.00025677,43.0,0.01104111
929,1576265343296,2019-12-13 19:29:03.296,9878695,0.00025679,2079.0,0.53386641
930,1576265343296,2019-12-13 19:29:03.296,9878696,0.00025679,780.0,0.2002962
931,1576265343296,2019-12-13 19:29:03.296,9878697,0.00025679,1923.0,0.49380717
932,1576265411633,2019-12-13 19:30:11.633,9878698,0.00025679,417.0,0.10708143
933,1576265411633,2019-12-13 19:30:11.633,9878699,0.00025679,2079.0,0.53386641
934,1576265411633,2019-12-13 19:30:11.633,9878700,0.00025679,2079.0,0.53386641
935,1576265411633,2019-12-13 19:30:11.633,9878701,0.00025679,2079.0,0.53386641
936,1576265411633,2019-12-13 19:30:11.633,9878702,0.00025679,361.0,0.09270119
937,1576265448088,2019-12-13 19:30:48.088,9878703,0.00025679,1718.0,0.44116522
938,1576265471757,2019-12-13 19:31:11.757,9878704,0.00025679,545.0,0.13995055
939,1576265561232,2019-12-13 19:32:41.232,9878705,0.00025682,595.0,0.1528079
940,1576265561232,2019-12-13 19:32:41.232,9878706,0.00025682,227.0,0.05829814
941,1576265607244,2019-12-13 19:33:27.244,9878707,0.00025648,300.0,0.076944
942,1576265607244,2019-12-13 19:33:27.244,9878708,0.00025647,1335.0,0.34238745
943,1576266125371,2019-12-13 19:42:05.371,9878709,0.00025686,300.0,0.077058
944,1576266157740,2019-12-13 19:42:37.740,9878710,0.00025686,3206.0,0.82349316
945,1576266239864,2019-12-13 19:43:59.864,9878711,0.00025691,2340.0,0.6011694
946,1576266272839,2019-12-13 19:44:32.839,9878712,0.00025698,36576.0,9.39930048
947,1576266272839,2019-12-13 19:44:32.839,9878713,0.00025699,500.0,0.128495
948,1576266272839,2019-12-13 19:44:32.839,9878714,0.00025699,779.0,0.20019521
949,1576266272839,2019-12-13 19:44:32.839,9878715,0.000257,40.0,0.01028
950,1576266927942,2019-12-13 19:55:27.942,9878716,0.000257,583.0,0.149831
951,1576266928047,2019-12-13 19:55:28.047,9878717,0.000257,18779.0,4.826203
952,1576267055181,2019-12-13 19:57:35.181,9878718,0.000257,1907.0,0.490099
953,1576267166439,2019-12-13 19:59:26.439,9878719,0.00025661,2000.0,0.51322
954,1576267192375,2019-12-13 19:59:52.375,9878720,0.00025661,44.0,0.01129084
955,1576267366565,2019-12-13 20:02:46.565,9878721,0.00025664,3077.0,0.78968128
956,1576267366565,2019-12-13 20:02:46.565,9878722,0.00025662,16285.0,4.1790567
957,1576267382182,2019-12-13 20:03:02.182,9878723,0.00025705,12.0,0.0030846
958,1576267451701,2019-12-13 20:04:11.701,9878724,0.00025705,766.0,0.1969003
959,1576267739668,2019-12-13 20:08:59.668,9878725,0.00025715,300.0,0.077145
960,1576267741119,2019-12-13 20:09:01.119,9878726,0.00025717,299.0,0.07689383
961,1576268079114,2019-12-13 20:14:39.114,9878727,0.00025717,479.0,0.12318443
962,1576268079114,2019-12-13 20:14:39.114,9878728,0.00025717,778.0,0.20007826
963,1576268082886,2019-12-13 20:14:42.886,9878729,0.0002572,262.0,0.0673864
964,1576268082994,2019-12-13 20:14:42.994,9878730,0.00025721,110.0,0.0282931
965,1576268083057,2019-12-13 20:14:43.057,9878731,0.0002572,300.0,0.07716
966,1576268086701,2019-12-13 20:14:46.701,9878732,0.00025722,3748.0,0.96406056
967,1576268237319,2019-12-13 20:17:17.319,9878733,0.00025722,2050.0,0.527301
968,1576268333344,2019-12-13 20:18:53.344,9878734,0.00025723,296.0,0.07614008
969,1576268333986,2019-12-13 20:18:53.986,9878735,0.00025725,365.0,0.09389625
970,1576268334092,2019-12-13 20:18:54.092,9878736,0.00025727,1295.0,0.33316465
971,1576268334092,2019-12-13 20:18:54.092,9878737,0.00025727,511.0,0.13146497
972,1576268374227,2019-12-13 20:19:34.227,9878738,0.00025733,202.0,0.05198066
973,1576268374304,2019-12-13 20:19:34.304,9878739,0.00025735,300.0,0.077205
974,1576268405199,2019-12-13 20:20:05.199,9878740,0.00025735,2034.0,0.5234499
975,1576268405785,2019-12-13 20:20:05.785,9878741,0.0002571,300.0,0.07713
976,1576268405785,2019-12-13 20:20:05.785,9878742,0.00025706,19545.0,5.0242377
977,1576268405785,2019-12-13 20:20:05.785,9878743,0.00025705,494.0,0.1269827
978,1576268424996,2019-12-13 20:20:24.996,9878744,0.00025741,48.0,0.01235568
979,1576268425115,2019-12-13 20:20:25.115,9878745,0.00025749,500.0,0.128745
980,1576268425115,2019-12-13 20:20:25.115,9878746,0.00025749,396.0,0.10196604
981,1576268425185,2019-12-13 20:20:25.185,9878747,0.00025741,300.0,0.077223
982,1576268448506,2019-12-13 20:20:48.506,9878748,0.00025735,446.0,0.1147781
983,1576268451660,2019-12-13 20:20:51.660,9878749,0.0002575,95.0,0.0244625
984,1576268451660,2019-12-13 20:20:51.660,9878750,0.0002575,205.0,0.0527875
985,1576268451767,2019-12-13 20:20:51.767,9878751,0.0002575,614.0,0.158105
986,1576268489025,2019-12-13 20:21:29.025,9878752,0.00025758,13.0,0.00334854
987,1576268971865,2019-12-13 20:29:31.865,9878753,0.00025758,53.0,0.01365174
988,1576268971865,2019-12-13 20:29:31.865,9878754,0.0002576,50.0,0.01288
989,1576268971865,2019-12-13 20:29:31.865,9878755,0.0002576,50.0,0.01288
990,1576268971865,2019-12-13 20:29:31.865,9878756,0.00025762,48.0,0.01236576
991,1576268971865,2019-12-13 20:29:31.865,9878757,0.00025764,4488.0,1.15628832
992,1576268971889,2019-12-13 20:29:31.889,9878758,0.00025764,961.0,0.24759204
993,1576268971917,2019-12-13 20:29:31.917,9878759,0.00025765,42.0,0.0108213
994,1576268971917,2019-12-13 20:29:31.917,9878760,0.00025765,5450.0,1.4041925
995,1576268996219,2019-12-13 20:29:56.219,9878761,0.00025767,492.0,0.12677364
996,1576268996219,2019-12-13 20:29:56.219,9878762,0.0002577,50.0,0.012885
997,1576268996219,2019-12-13 20:29:56.219,9878763,0.0002577,50.0,0.012885
998,1576268996219,2019-12-13 20:29:56.219,9878764,0.00025772,1000.0,0.25772
999,1576268996219,2019-12-13 20:29:56.219,9878765,0.00025772,3267.0,0.84197124
